customer_id,names,genders,emails,phones,addres,regions
1,Yorgos O'Gready,F,yogready0@jalbum.net,+380-932-488-2733,46641 Parkside Avenue,Arizona
2,Lavinie Scholer,M,lscholer1@apple.com,+66-389-560-4168,0629 Forest Run Point,Colorado
3,Athena Davids,F,adavids2@theatlantic.com,+7-127-118-9732,1 Old Shore Junction,Texas
4,Barbara-anne Dockree,F,bdockree3@hhs.gov,+420-983-387-4777,9 Onsgard Trail,New Mexico
5,Hilly Cockayme,M,hcockayme4@chron.com,+380-418-624-1058,5747 Hayes Hill,Oklahoma
6,Marnia Korneichik,M,mkorneichik5@imageshack.us,+7-937-556-4782,17974 Brown Road,Arizona
7,Muire Ketchaside,F,mketchaside6@etsy.com,+81-472-522-6269,822 School Avenue,Nevada
8,Verney Barson,M,vbarson7@alibaba.com,+63-190-319-3538,95 Ridge Oak Plaza,Texas
9,Donny Burstow,M,dburstow8@scribd.com,+58-458-407-9731,15 Pond Circle,Texas
10,Dedra Tatum,M,dtatum9@desdev.cn,+81-769-762-4811,0 Maple Wood Plaza,Texas
11,Marietta Casburn,F,mcasburna@com.com,+46-715-106-8556,102 Sommers Center,Colorado
12,Ingeborg Houliston,F,ihoulistonb@cocolog-nifty.com,+351-275-217-5535,263 Tomscot Lane,New Mexico
13,Lana Huckfield,F,lhuckfieldc@rediff.com,+62-998-614-0584,96 Melody Center,Nevada
14,Jilly Vasenin,F,jvasenind@usda.gov,+1-585-212-5943,4692 Mifflin Place,Arizona
15,Dacey Trudgion,M,dtrudgione@livejournal.com,+62-900-900-1538,537 Hazelcrest Point,New Mexico
16,Maxie Densey,M,mdenseyf@globo.com,+1-714-460-2886,340 Mcguire Hill,Oklahoma
17,Patrice Ilyinski,M,pilyinskig@themeforest.net,+48-160-251-6770,18 Bellgrove Trail,Colorado
18,Sherlocke Lomansey,F,slomanseyh@seesaa.net,+507-137-361-6286,579 Brentwood Way,Oklahoma
19,Gil Wooton,M,gwootoni@vinaora.com,+962-474-135-7281,42 Alpine Court,New Mexico
20,Waite Cod,F,wcodj@cpanel.net,+7-650-306-1433,0 Graedel Crossing,Colorado
21,Murvyn Loy,F,mloyk@nasa.gov,+63-561-323-9389,400 Badeau Trail,Nevada
22,Robinette Shute,M,rshutel@admin.ch,+95-120-163-1317,6331 Randy Terrace,Utah
23,Damara Clapson,F,dclapsonm@constantcontact.com,+970-469-646-7063,0450 Mosinee Way,California
24,Bari Noades,F,bnoadesn@de.vu,+420-830-807-2740,381 Mifflin Junction,Texas
25,Noell Marnes,F,nmarneso@rambler.ru,+58-274-765-7982,03427 Gateway Point,Colorado
26,Larissa Papen,F,lpapenp@umn.edu,+357-530-453-6498,44164 Doe Crossing Terrace,California
27,Lurleen Carr,F,lcarrq@miitbeian.gov.cn,+351-588-444-2587,7089 Mariners Cove Park,New Mexico
28,Isador Rodwell,M,irodwellr@ustream.tv,+62-630-852-7601,57486 Longview Road,New Mexico
29,Lawry Vannacci,M,lvannaccis@nhs.uk,+55-185-432-2696,4197 Sunfield Center,Texas
30,Angus Hatfull,M,ahatfullt@noaa.gov,+505-215-910-8941,46 Mcguire Plaza,Arizona
31,Felecia Bidewell,M,fbidewellu@t-online.de,+62-567-376-8953,0642 Old Shore Trail,New Mexico
32,Gabbie Jarrel,F,gjarrelv@nasa.gov,+7-776-369-2255,72267 Schlimgen Plaza,Oklahoma
33,Bogey Siley,M,bsileyw@google.fr,+351-143-954-8692,7233 Mallory Circle,Colorado
34,Thorvald Maier,F,tmaierx@hatena.ne.jp,+256-161-217-7465,099 Upham Place,Utah
35,Lanny Polfer,F,lpolfery@smh.com.au,+351-164-569-8126,95439 Jenna Park,New Mexico
36,Neille Janoch,F,njanochz@examiner.com,+46-341-452-4322,261 Esker Parkway,Oklahoma
37,Wakefield Cawthron,F,wcawthron10@hhs.gov,+389-419-468-2848,31116 Superior Trail,Utah
38,Susannah Bloodworth,F,sbloodworth11@creativecommons.org,+7-733-492-9904,81 Steensland Alley,Oklahoma
39,Kin Frere,M,kfrere12@wp.com,+86-641-621-8356,15 Warbler Court,New Mexico
40,Lukas Grabeham,M,lgrabeham13@e-recht24.de,+351-417-789-5534,98771 Leroy Center,Utah
41,Phylys Karp,M,pkarp14@sun.com,+7-330-438-1915,6 Golf Avenue,Arizona
42,Milli Smylie,F,msmylie15@ning.com,+93-234-148-9851,65698 Sachs Avenue,California
43,Arnie Epgrave,M,aepgrave16@unc.edu,+86-185-344-9211,03060 John Wall Crossing,Arizona
44,Even Small,F,esmall17@usgs.gov,+62-813-688-5548,435 Forster Trail,Utah
45,Renata Mc Caughen,M,rmc18@shop-pro.jp,+86-665-393-6139,207 Myrtle Drive,New Mexico
46,Denver Leng,F,dleng19@stanford.edu,+66-517-404-2415,81 Buhler Way,Nevada
47,Berky Belford,F,bbelford1a@tuttocitta.it,+1-703-741-4310,8 Blackbird Plaza,Nevada
48,Meg Bosworth,F,mbosworth1b@gizmodo.com,+63-922-509-1889,24954 Columbus Lane,Oklahoma
49,Arne Garmanson,F,agarmanson1c@oracle.com,+231-553-952-8653,180 Menomonie Park,Nevada
50,Banky Hattam,F,bhattam1d@ezinearticles.com,+81-438-226-5544,2398 Sunfield Road,Texas
51,Glynda Finnes,M,gfinnes1e@gov.uk,+234-314-262-9187,2436 Kedzie Street,Colorado
52,Katie Jocic,F,kjocic1f@is.gd,+62-271-332-3549,5651 David Center,California
53,Ephraim Hartnell,M,ehartnell1g@biglobe.ne.jp,+234-329-902-4571,477 Vidon Plaza,Colorado
54,Ashlee Cicero,F,acicero1h@yahoo.co.jp,+221-448-977-2846,8487 Graceland Plaza,Oklahoma
55,Kenton Cunnow,F,kcunnow1i@ed.gov,+86-930-753-1455,47 Rieder Hill,New Mexico
56,Amery Tilling,F,atilling1j@drupal.org,+81-417-592-2043,870 Meadow Vale Lane,California
57,Axe Cherryman,F,acherryman1k@ft.com,+62-751-702-1904,62001 Dovetail Lane,Arizona
58,Lalo Ambrozik,F,lambrozik1l@smh.com.au,+84-797-579-0303,52607 Colorado Plaza,California
59,Rowan Biffin,F,rbiffin1m@prlog.org,+86-236-724-4559,79 Reindahl Terrace,Arizona
60,Orelee Dahlgren,F,odahlgren1n@soup.io,+86-581-183-7983,3 Kipling Center,Utah
61,Rand Caplin,M,rcaplin1o@europa.eu,+52-897-254-8325,73045 Emmet Court,Oklahoma
62,Dahlia Guillon,F,dguillon1p@dmoz.org,+62-653-478-2594,10 Kingsford Plaza,Colorado
63,Leanna Mew,M,lmew1q@guardian.co.uk,+51-221-754-4243,866 Heffernan Alley,Colorado
64,Mendy Valintine,M,mvalintine1r@ocn.ne.jp,+34-325-333-8900,1 Center Place,California
65,Clim Inston,M,cinston1s@hexun.com,+62-657-977-6570,3653 Ridgeview Plaza,California
66,Noelle Pennyman,F,npennyman1t@shinystat.com,+86-273-451-2321,37 Lawn Junction,Oklahoma
67,Warden Eldershaw,M,weldershaw1u@npr.org,+62-864-857-2430,25326 Banding Drive,Oklahoma
68,Laurens Andryszczak,M,landryszczak1v@issuu.com,+675-718-154-5720,71410 Ridgeview Circle,New Mexico
69,Torr Tysall,M,ttysall1w@moonfruit.com,+420-775-502-6236,98 Hansons Junction,California
70,Allissa Stryde,M,astryde1x@people.com.cn,+62-355-546-0645,04 Texas Avenue,Colorado
71,Bevin Faircliffe,F,bfaircliffe1y@wordpress.com,+55-307-419-0301,95933 Waywood Street,Nevada
72,Joana Heintzsch,M,jheintzsch1z@timesonline.co.uk,+7-464-344-4213,07 Tennyson Park,California
73,Sabine Tolotti,M,stolotti20@booking.com,+381-611-708-9681,19602 Welch Terrace,Oklahoma
74,Colene Payler,M,cpayler21@wufoo.com,+98-888-491-6700,6 Fordem Alley,Utah
75,Forrester McFadin,F,fmcfadin22@ifeng.com,+46-629-939-7855,163 Prairieview Street,California
76,Clair Blencowe,M,cblencowe23@businesswire.com,+254-988-150-2369,2 Springview Crossing,California
77,Maxwell Limer,M,mlimer24@gizmodo.com,+51-395-125-8073,37831 Hooker Pass,Utah
78,Ronica Abyss,M,rabyss25@constantcontact.com,+86-842-942-2367,0 Shopko Way,Nevada
79,Perl Hane,F,phane26@who.int,+7-818-676-8188,1514 Golden Leaf Point,Utah
80,Babbie Fairhurst,M,bfairhurst27@ebay.co.uk,+351-322-599-7758,39 Memorial Junction,Nevada
81,Bernadette Telega,M,btelega28@tripadvisor.com,+86-257-242-6462,196 Express Alley,Colorado
82,Susanetta Lammerding,M,slammerding29@jalbum.net,+7-300-555-7110,0454 Westend Drive,Colorado
83,Cris Carragher,F,ccarragher2a@indiegogo.com,+62-576-577-8540,1 Eagle Crest Point,Texas
84,Viviana Cayle,F,vcayle2b@google.fr,+7-883-375-8856,07 Ronald Regan Road,California
85,Kasper Colloff,F,kcolloff2c@aol.com,+30-492-153-4098,2 Green Ridge Hill,Arizona
86,Cassandry Tremaine,F,ctremaine2d@tmall.com,+57-967-727-6744,4 West Pass,Arizona
87,Vinnie Domsalla,F,vdomsalla2e@tripadvisor.com,+62-652-260-4210,2984 Shasta Hill,Arizona
88,Astrid Potteridge,F,apotteridge2f@google.fr,+33-404-809-3086,74 Westerfield Trail,California
89,Nick O'Corrane,F,nocorrane2g@clickbank.net,+86-755-125-5016,466 Stang Point,New Mexico
90,Papageno Stanbridge,M,pstanbridge2h@theatlantic.com,+960-621-334-2917,2 Canary Plaza,Oklahoma
91,Lorrin Boosey,F,lboosey2i@soup.io,+7-587-837-9103,4 Atwood Circle,New Mexico
92,Zack McKeachie,F,zmckeachie2j@smh.com.au,+86-465-517-5557,2 Parkside Trail,Colorado
93,Antonino Sahnow,M,asahnow2k@skype.com,+269-818-476-9991,6823 Coleman Court,Utah
94,Karrah Giorgielli,M,kgiorgielli2l@wiley.com,+963-824-269-0670,7 Erie Lane,California
95,Willie Blaksley,M,wblaksley2m@reuters.com,+62-165-103-6407,88 Cardinal Point,Utah
96,Fern Townby,F,ftownby2n@wikispaces.com,+86-590-806-9359,83 Judy Lane,Arizona
97,Daphene Chattock,F,dchattock2o@mashable.com,+62-446-785-0997,311 7th Crossing,Texas
98,Oran Cowper,M,ocowper2p@netlog.com,+30-374-961-9872,84 Meadow Valley Court,Texas
99,Joelie Ferraresi,M,jferraresi2q@microsoft.com,+86-235-353-5364,82 Briar Crest Pass,Oklahoma
100,Rosabelle Quartly,M,rquartly2r@ibm.com,+354-757-705-1920,41025 Wayridge Crossing,Nevada
101,Heida Heeran,M,hheeran2s@arstechnica.com,+7-170-526-8902,89 Hintze Trail,Oklahoma
102,Pearle Lante,F,plante2t@uiuc.edu,+33-457-764-1747,2 Mallory Drive,Arizona
103,Woodman Shilburne,M,wshilburne2u@youtube.com,+1-719-884-6061,04 Jenifer Lane,Oklahoma
104,Gus Bente,F,gbente2v@scientificamerican.com,+63-875-592-1795,285 Linden Way,California
105,Waylin Dunnaway,M,wdunnaway2w@soundcloud.com,+62-545-217-4269,53366 Grim Circle,Colorado
106,Wallace Robbie,F,wrobbie2x@creativecommons.org,+86-607-479-9799,2 High Crossing Road,New Mexico
107,Paul Shenley,F,pshenley2y@va.gov,+93-608-681-9325,12 Westridge Plaza,Utah
108,Mohammed Durrance,F,mdurrance2z@drupal.org,+46-803-768-9570,33 Green Ridge Road,Colorado
109,Euell Scott,M,escott30@google.co.uk,+679-806-303-7466,4 Buena Vista Point,Oklahoma
110,Pietra Longrigg,M,plongrigg31@mozilla.com,+963-445-217-0443,3682 Debs Way,Arizona
111,Dawna Ziemke,F,dziemke32@dedecms.com,+98-649-882-1998,80360 Oriole Trail,Texas
112,Zacharias Barbey,M,zbarbey33@nhs.uk,+81-242-124-7417,78691 North Point,Utah
113,Sawyer Barles,F,sbarles34@lycos.com,+1-718-662-6227,40 Lillian Junction,California
114,Nari Blindmann,F,nblindmann35@google.cn,+62-912-290-0744,968 Valley Edge Circle,Texas
115,Ettore Burgot,M,eburgot36@google.ca,+62-897-429-0204,55433 Buhler Circle,Oklahoma
116,Willetta Le Brum,F,wle37@ustream.tv,+55-975-104-4870,7201 Carberry Crossing,New Mexico
117,Hazel Have,M,hhave38@nhs.uk,+960-342-221-1183,3 Kensington Alley,Arizona
118,Blondy Critchley,F,bcritchley39@fda.gov,+351-660-259-3083,81 Moland Place,Arizona
119,Elbert Jamblin,M,ejamblin3a@mit.edu,+218-808-781-3016,647 Kingsford Plaza,Utah
120,Thorny Gregore,M,tgregore3b@csmonitor.com,+84-175-653-0921,93 Cherokee Avenue,Arizona
121,Lavena Riehm,M,lriehm3c@google.fr,+255-444-793-9128,3712 Bluestem Pass,Oklahoma
122,Nestor Pavlenko,M,npavlenko3d@google.it,+380-803-868-4200,42 Northport Circle,Arizona
123,Valencia McAughtry,F,vmcaughtry3e@europa.eu,+55-840-764-6644,3 Pennsylvania Pass,Colorado
124,Robby Cosley,F,rcosley3f@jalbum.net,+420-926-515-8310,11890 Kedzie Circle,Nevada
125,Martha Scottrell,M,mscottrell3g@t-online.de,+62-542-807-3690,60233 Delaware Court,Utah
126,Allie Cubley,F,acubley3h@dot.gov,+7-142-908-4054,5 Sherman Point,Oklahoma
127,Conni Macy,M,cmacy3i@bigcartel.com,+86-782-238-1833,6280 Sloan Park,Nevada
128,Ursuline Vieyra,F,uvieyra3j@nydailynews.com,+375-788-170-5665,1 8th Junction,Texas
129,Christen Piwell,M,cpiwell3k@biblegateway.com,+86-764-864-7131,677 Havey Terrace,Oklahoma
130,Milissent Yair,F,myair3l@army.mil,+62-151-796-4612,35 Trailsway Plaza,Arizona
131,Clarie Cuerdall,M,ccuerdall3m@mac.com,+62-452-565-2803,75121 Lakewood Pass,New Mexico
132,Shay Tennet,M,stennet3n@1und1.de,+86-208-123-6204,55528 American Ash Road,Oklahoma
133,Netty Harcase,M,nharcase3o@photobucket.com,+86-902-237-0392,475 Fair Oaks Park,Arizona
134,Therese Southam,F,tsoutham3p@usatoday.com,+86-930-399-6193,427 Straubel Court,Nevada
135,Kat Fearn,M,kfearn3q@ehow.com,+86-471-340-1597,7170 Fuller Place,Nevada
136,Dominique Shackesby,F,dshackesby3r@usgs.gov,+55-620-187-3798,49 Kensington Place,Oklahoma
137,Lorne Shorter,M,lshorter3s@amazon.de,+86-116-120-7536,363 Texas Park,New Mexico
138,Alva Reskelly,F,areskelly3t@washingtonpost.com,+256-990-382-1422,6302 Pawling Center,New Mexico
139,Damien Throssell,M,dthrossell3u@tumblr.com,+54-217-277-3547,2196 Grim Park,Texas
140,Deena Stone Fewings,F,dstone3v@gmpg.org,+359-872-394-5520,55 Talmadge Plaza,Texas
141,Cirillo Leaman,M,cleaman3w@webs.com,+675-327-893-5831,64 Surrey Road,Utah
142,Elmo Lorden,F,elorden3x@nytimes.com,+48-651-402-2570,4824 Esch Road,Oklahoma
143,Franky Campling,F,fcampling3y@is.gd,+52-585-709-6101,31 Graceland Terrace,Arizona
144,Vonny Hambelton,F,vhambelton3z@cbslocal.com,+84-468-304-3687,19 Haas Crossing,Colorado
145,Arabel Aspin,M,aaspin40@youku.com,+7-423-383-5443,7 7th Drive,Oklahoma
146,Laurie Cuerdale,F,lcuerdale41@nsw.gov.au,+62-440-216-7052,0 Surrey Court,Colorado
147,Katheryn Deerness,M,kdeerness42@imgur.com,+62-380-687-4347,7 Independence Drive,Nevada
148,Darcey Pencot,M,dpencot43@zimbio.com,+33-674-823-1033,195 Waywood Pass,Nevada
149,Sadie Arrigo,M,sarrigo44@bandcamp.com,+55-243-872-0977,92470 Sutherland Crossing,Colorado
150,Desdemona Sarfati,M,dsarfati45@shutterfly.com,+33-710-750-5180,6 Oakridge Junction,Nevada
151,Vera Raspel,F,vraspel46@miitbeian.gov.cn,+386-630-173-0875,78 Pearson Pass,Arizona
152,Kermit Jakoub,M,kjakoub47@infoseek.co.jp,+62-658-749-5802,15 Pierstorff Plaza,New Mexico
153,Melvyn Dankersley,M,mdankersley48@squarespace.com,+33-662-916-3679,2221 Schiller Park,Utah
154,Meg Scrine,F,mscrine49@behance.net,+351-197-544-2525,2161 Starling Point,Colorado
155,Olga Kemme,M,okemme4a@moonfruit.com,+86-998-688-5790,9 Brentwood Center,Oklahoma
156,Trix Caddies,F,tcaddies4b@buzzfeed.com,+62-839-570-0776,44412 Grasskamp Point,California
157,Renie Jennens,F,rjennens4c@smh.com.au,+86-285-600-1486,694 Russell Park,Nevada
158,Donica Sambles,F,dsambles4d@php.net,+967-496-517-2739,71158 Manufacturers Drive,Oklahoma
159,Elfie Larvin,M,elarvin4e@bluehost.com,+351-732-736-1568,2 Sugar Court,California
160,Sonny Renouf,F,srenouf4f@technorati.com,+55-827-901-9397,91011 Hazelcrest Street,Arizona
161,Robbert Sirrell,F,rsirrell4g@hugedomains.com,+7-812-645-9547,679 Jenifer Hill,Nevada
162,Goran Lemonnier,F,glemonnier4h@free.fr,+86-572-566-4511,631 Hoard Hill,Utah
163,Sasha Roggeman,M,sroggeman4i@wufoo.com,+62-732-762-0555,70975 Shopko Drive,Nevada
164,Hastie Drinkall,F,hdrinkall4j@list-manage.com,+48-101-925-6931,2 Nelson Lane,Utah
165,Edgar Flippelli,F,eflippelli4k@php.net,+62-742-958-8162,665 Sutherland Park,Oklahoma
166,Dino Hattrick,F,dhattrick4l@bing.com,+30-903-753-3083,18604 Corry Street,Oklahoma
167,Currie Duplain,M,cduplain4m@amazon.co.uk,+62-982-745-0668,81 Delladonna Plaza,Texas
168,Wallace Hardwin,M,whardwin4n@networkadvertising.org,+86-295-326-6671,91759 Petterle Parkway,California
169,Cassy Paulillo,M,cpaulillo4o@networksolutions.com,+62-811-196-5330,51 Carey Avenue,Arizona
170,Blanch Canwell,M,bcanwell4p@yale.edu,+51-608-493-7864,08 Katie Plaza,California
171,Pauletta Dominguez,F,pdominguez4q@last.fm,+57-900-589-6567,228 Aberg Circle,Nevada
172,Ulrikaumeko Westrope,F,uwestrope4r@ihg.com,+84-444-910-4425,351 Brentwood Lane,Nevada
173,Milissent Boardman,M,mboardman4s@china.com.cn,+62-286-162-0795,62 Redwing Trail,Utah
174,Hillier Faichney,M,hfaichney4t@studiopress.com,+1-219-286-3984,2676 Lighthouse Bay Hill,Colorado
175,Uriah Cough,M,ucough4u@icio.us,+33-799-405-9557,7 Meadow Ridge Circle,New Mexico
176,Haze Petche,M,hpetche4v@apache.org,+359-838-167-0817,6657 David Parkway,California
177,Kaiser Cochrane,F,kcochrane4w@cornell.edu,+62-585-270-0382,754 Eliot Junction,Colorado
178,Shurwood Westnedge,F,swestnedge4x@zimbio.com,+46-197-369-0028,86 Susan Road,Texas
179,Tani Faldoe,F,tfaldoe4y@nymag.com,+51-324-798-4635,2 Gateway Crossing,Nevada
180,Cathleen Andreaccio,F,candreaccio4z@howstuffworks.com,+55-904-329-9738,5682 Anzinger Hill,Nevada
181,Katlin Vanin,M,kvanin50@nasa.gov,+46-179-348-4788,14 Manitowish Terrace,Nevada
182,Garrard Browse,M,gbrowse51@a8.net,+420-591-964-5159,701 Glendale Way,Utah
183,Kathy Upham,M,kupham52@bloomberg.com,+55-311-312-9849,1 Schlimgen Crossing,Nevada
184,Cahra Youd,F,cyoud53@ocn.ne.jp,+86-977-640-8303,64199 Texas Point,Oklahoma
185,Pace Dovidaitis,M,pdovidaitis54@liveinternet.ru,+46-869-876-2313,60076 Lunder Alley,New Mexico
186,Morgun de Quincey,F,mde55@meetup.com,+46-776-479-9581,9085 Brown Terrace,Texas
187,Loree Huscroft,M,lhuscroft56@google.co.uk,+30-875-190-6807,587 Tony Plaza,Texas
188,Rickey Bleyman,F,rbleyman57@nifty.com,+62-690-170-3120,20864 Dixon Parkway,Texas
189,Lila Balmforth,M,lbalmforth58@wisc.edu,+86-154-797-4414,92245 Brickson Park Drive,Nevada
190,Anette Skudder,M,askudder59@lycos.com,+63-458-377-1873,09 Cordelia Court,Nevada
191,Lydia Cicculini,F,lcicculini5a@unesco.org,+86-534-373-1676,7300 Esch Plaza,Arizona
192,Conchita Hallifax,M,challifax5b@yandex.ru,+55-487-556-6175,091 Stuart Drive,Oklahoma
193,Rikki Ruskin,M,rruskin5c@prlog.org,+62-580-333-0918,3 Kinsman Court,New Mexico
194,Juline Lanegran,M,jlanegran5d@unesco.org,+51-819-258-4315,8 Merchant Alley,Utah
195,Royal Wayon,M,rwayon5e@discuz.net,+33-177-413-5545,75374 Bellgrove Lane,New Mexico
196,Janith Grewer,M,jgrewer5f@ycombinator.com,+86-160-699-0707,928 Ronald Regan Court,California
197,Zitella Izzatt,M,zizzatt5g@google.com,+86-455-908-0141,46261 New Castle Plaza,Oklahoma
198,Jorey Skeeles,M,jskeeles5h@tumblr.com,+33-167-258-7232,1 Steensland Circle,California
199,Cleveland Delves,M,cdelves5i@opensource.org,+62-465-127-2492,7738 Gateway Park,Utah
200,Gherardo Willgress,F,gwillgress5j@bloglines.com,+86-957-186-7534,6521 Acker Center,Arizona
201,Dita Stocking,F,dstocking5k@dion.ne.jp,+55-847-839-9077,78 Victoria Road,Nevada
202,Tamma Colleford,F,tcolleford5l@hexun.com,+1-412-674-3462,26728 Gina Plaza,California
203,Griswold Honeyghan,M,ghoneyghan5m@auda.org.au,+62-938-263-1231,354 Tony Park,California
204,Ber Crossdale,F,bcrossdale5n@plala.or.jp,+62-841-248-1404,65543 Dapin Terrace,Colorado
205,Collen Chatelet,M,cchatelet5o@wp.com,+996-968-677-6062,6 Crest Line Road,Nevada
206,Korey Vondrak,M,kvondrak5p@furl.net,+62-898-509-3452,321 Pleasure Alley,Nevada
207,Stillmann Cowsby,F,scowsby5q@bandcamp.com,+86-305-117-8601,37894 Haas Road,Nevada
208,Margot Guage,F,mguage5r@google.pl,+30-285-315-4754,06740 Holy Cross Center,Colorado
209,Danit Scoles,M,dscoles5s@virginia.edu,+62-431-267-2081,581 Longview Park,New Mexico
210,Salomon Zipsell,F,szipsell5t@marketwatch.com,+420-227-922-0153,7033 New Castle Junction,Utah
211,Gearard Maxwaile,F,gmaxwaile5u@chronoengine.com,+374-703-100-4717,4670 Larry Plaza,Utah
212,Rosaline Soar,M,rsoar5v@youtu.be,+7-495-585-6491,6 Nobel Lane,California
213,Bran Priddie,M,bpriddie5w@unesco.org,+55-548-885-4668,5738 Randy Alley,Oklahoma
214,Missy Spanswick,F,mspanswick5x@blogspot.com,+86-854-128-0604,06 West Street,Colorado
215,Frances Chansonne,M,fchansonne5y@mashable.com,+63-786-104-0126,58 Miller Parkway,Oklahoma
216,Ruthanne Gerbel,F,rgerbel5z@amazon.de,+30-863-743-9243,6 Utah Way,Arizona
217,Selig Morrowe,F,smorrowe60@rediff.com,+351-418-682-0527,699 Badeau Lane,Utah
218,Adriano Pevreal,M,apevreal61@phoca.cz,+62-569-317-7211,836 Kings Point,Utah
219,Ricki Rzehor,F,rrzehor62@google.com.au,+33-178-389-9302,7370 Hanson Hill,Nevada
220,Carey Le Grys,M,cle63@opera.com,+51-349-925-7921,19 Crest Line Lane,Nevada
221,Shela Blakelock,F,sblakelock64@go.com,+86-659-564-4191,40 Hanson Street,Arizona
222,Denny Kryzhov,M,dkryzhov65@abc.net.au,+86-434-149-2549,198 Meadow Valley Place,California
223,Danice Gozzard,M,dgozzard66@cyberchimps.com,+57-816-541-0372,47359 Hermina Alley,Texas
224,Thorstein Cuvley,M,tcuvley67@creativecommons.org,+58-753-798-6467,8 Katie Pass,Oklahoma
225,Maggie Dunkerk,F,mdunkerk68@google.ca,+48-422-115-2698,9996 Holy Cross Lane,Oklahoma
226,Tani McChruiter,F,tmcchruiter69@google.co.uk,+351-823-593-9148,6 8th Road,Texas
227,Raddy Siward,M,rsiward6a@home.pl,+51-638-935-5880,6 Center Crossing,Oklahoma
228,Becca Fildery,F,bfildery6b@nbcnews.com,+591-583-872-1486,45 Aberg Lane,California
229,Hewett Mc Harg,M,hmc6c@privacy.gov.au,+371-247-717-3003,1 Spaight Street,New Mexico
230,Agathe Smaile,M,asmaile6d@shutterfly.com,+52-639-722-6723,47 Di Loreto Pass,Nevada
231,Katuscha Truwert,F,ktruwert6e@va.gov,+86-876-482-9330,2 3rd Hill,Oklahoma
232,Shep Hambling,M,shambling6f@businessinsider.com,+51-759-157-3501,345 Washington Plaza,California
233,Victor Aishford,M,vaishford6g@yolasite.com,+7-330-931-5576,582 Kennedy Parkway,New Mexico
234,Abby Lombardo,M,alombardo6h@google.nl,+55-734-185-1898,4944 Morrow Pass,Colorado
235,Dosi Foggo,F,dfoggo6i@walmart.com,+689-740-765-3982,61 Delaware Alley,Colorado
236,Cherianne Claris,M,cclaris6j@instagram.com,+30-837-613-9693,36584 Arkansas Street,New Mexico
237,Dmitri Arkwright,M,darkwright6k@mit.edu,+52-702-768-7055,09 Northport Way,New Mexico
238,Mercie Probate,M,mprobate6l@wsj.com,+62-517-508-7542,2 Old Gate Junction,Arizona
239,Cassy Straun,M,cstraun6m@samsung.com,+63-684-574-7514,220 Sunfield Street,Colorado
240,Fifine MacFaell,M,fmacfaell6n@va.gov,+221-948-248-7781,13371 Lake View Way,Oklahoma
241,Panchito Koop,F,pkoop6o@ocn.ne.jp,+57-757-793-6034,160 Sunfield Plaza,Arizona
242,Cirstoforo Stimpson,F,cstimpson6p@statcounter.com,+62-457-109-0676,20 Nobel Place,Colorado
243,Shaylah Jirieck,M,sjirieck6q@businessweek.com,+54-244-292-1202,42 Vernon Plaza,Texas
244,Flem Mullard,F,fmullard6r@pinterest.com,+54-962-941-2696,3403 Ridgeway Lane,Oklahoma
245,Cointon Ellgood,F,cellgood6s@mysql.com,+86-130-181-2108,48 Burning Wood Point,Utah
246,Marita Ward,F,mward6t@amazon.com,+501-374-690-6781,23827 Dorton Junction,Texas
247,Quincy Konmann,M,qkonmann6u@themeforest.net,+66-742-602-3445,907 Fairfield Circle,Texas
248,Mikey Bontine,M,mbontine6v@tripadvisor.com,+380-574-119-1219,49713 Browning Terrace,Oklahoma
249,Verge Van Dale,M,vvan6w@amazonaws.com,+46-298-858-9853,2 Ludington Pass,Oklahoma
250,Ruprecht Grills,F,rgrills6x@fotki.com,+55-332-781-9573,704 Garrison Way,Utah
251,Caryn Stocking,M,cstocking6y@eepurl.com,+7-332-925-9536,8 Continental Alley,Nevada
252,Marietta Fookes,M,mfookes6z@xinhuanet.com,+86-466-314-8032,84 Cambridge Hill,Nevada
253,Alyssa Goggen,M,agoggen70@unblog.fr,+7-281-634-6523,08445 Daystar Parkway,Utah
254,Sebastiano Aldrin,M,saldrin71@xrea.com,+1-469-473-9656,34483 Ryan Parkway,Arizona
255,Tobe Tavinor,F,ttavinor72@elpais.com,+970-367-103-1633,620 Merchant Crossing,Arizona
256,Ermin Phythian,M,ephythian73@ucsd.edu,+62-467-844-4374,7562 Lotheville Park,Texas
257,Caesar Saxton,F,csaxton74@hibu.com,+86-194-996-0251,7 Monica Point,Colorado
258,Evie Brownlie,M,ebrownlie75@spotify.com,+7-234-200-6887,64237 Magdeline Crossing,Texas
259,Jaye Jeanet,M,jjeanet76@scientificamerican.com,+351-626-473-8685,1 Gateway Center,Colorado
260,Ingelbert Elmar,M,ielmar77@gravatar.com,+880-654-568-6312,0681 Troy Drive,Arizona
261,Hebert Lotte,M,hlotte78@rediff.com,+66-631-699-8063,8 Harbort Road,Arizona
262,Tammara Wightman,F,twightman79@salon.com,+81-830-364-5838,9 Sloan Alley,Utah
263,Aliza Bartholin,M,abartholin7a@meetup.com,+48-755-245-4727,6820 School Way,California
264,Nelson Doniso,M,ndoniso7b@yellowbook.com,+46-308-190-6589,242 Saint Paul Avenue,Colorado
265,Andria Mocquer,F,amocquer7c@rakuten.co.jp,+62-530-562-4220,641 Gerald Trail,Texas
266,Jorey Synnot,F,jsynnot7d@oracle.com,+86-493-162-6529,263 Daystar Point,Oklahoma
267,Jayne Tailour,M,jtailour7e@irs.gov,+62-653-432-3260,21991 Everett Way,California
268,Marla Gregs,M,mgregs7f@barnesandnoble.com,+507-939-720-6608,96 Lakewood Gardens Center,California
269,Felita Kenworthey,F,fkenworthey7g@webs.com,+7-943-308-2386,2 Drewry Street,California
270,Uriah Coaker,F,ucoaker7h@pen.io,+86-353-426-7180,0 Kings Point,New Mexico
271,Babb Friel,M,bfriel7i@tuttocitta.it,+386-505-990-6198,533 Cordelia Way,Nevada
272,Teddi Strangeways,F,tstrangeways7j@1und1.de,+356-736-911-7047,21 Ohio Place,Colorado
273,Andrea Cleyburn,M,acleyburn7k@cocolog-nifty.com,+351-698-105-8749,89074 Graceland Junction,Utah
274,Arabela Haime,F,ahaime7l@nhs.uk,+55-167-543-6904,810 Westridge Hill,Utah
275,Grant Simakov,M,gsimakov7m@huffingtonpost.com,+86-287-733-5864,8 Lunder Crossing,Nevada
276,Rafaela Uzzell,F,ruzzell7n@photobucket.com,+33-599-130-7495,66 Golden Leaf Road,Nevada
277,Adriano Chitson,M,achitson7o@apache.org,+33-718-358-5096,2 Di Loreto Point,Arizona
278,Ruthanne Bowater,F,rbowater7p@ning.com,+7-499-504-8528,9 Lindbergh Court,New Mexico
279,Jillene MattiCCI,F,jmatticci7q@google.com.hk,+86-492-413-6388,4 Pepper Wood Street,Nevada
280,Tomaso Yarr,M,tyarr7r@newsvine.com,+381-216-783-1861,311 Harper Parkway,Colorado
281,Alene Prestidge,F,aprestidge7s@posterous.com,+51-138-609-5774,088 Mendota Trail,Oklahoma
282,Lemar Aiton,M,laiton7t@a8.net,+994-395-161-7867,0 Dryden Street,New Mexico
283,Harli Cortez,M,hcortez7u@timesonline.co.uk,+86-512-144-0475,4669 Waubesa Parkway,California
284,Frieda Skellon,M,fskellon7v@newsvine.com,+261-203-486-4580,41 Acker Park,Oklahoma
285,Ginger Rubinsky,F,grubinsky7w@businesswire.com,+370-822-182-2794,91220 Bartelt Place,Arizona
286,Tripp Benzie,M,tbenzie7x@thetimes.co.uk,+86-233-669-8091,6347 Arrowood Hill,Colorado
287,Janeva Mullaney,F,jmullaney7y@wiley.com,+86-845-371-3298,90 Onsgard Circle,Oklahoma
288,Amble Easlea,M,aeaslea7z@nytimes.com,+33-928-509-6953,771 Upham Center,Texas
289,Emmy Sennett,M,esennett80@usa.gov,+30-323-923-5135,674 Surrey Junction,Oklahoma
290,Skell Jedrasik,M,sjedrasik81@youku.com,+55-791-521-9044,51 Dunning Center,Nevada
291,Mala Slatcher,F,mslatcher82@cafepress.com,+84-525-953-0676,06 Packers Hill,Nevada
292,Leonanie Wardall,M,lwardall83@chicagotribune.com,+86-674-831-7950,13 Hayes Avenue,Colorado
293,Sergeant Scotchmur,M,sscotchmur84@wiley.com,+880-138-114-1557,90 Village Green Hill,Texas
294,Nannie Wesker,F,nwesker85@pagesperso-orange.fr,+689-152-266-1228,0499 Clemons Pass,Oklahoma
295,Valentine Yitzhakof,M,vyitzhakof86@usgs.gov,+502-566-445-9465,917 Lyons Avenue,Oklahoma
296,Dody Bambrough,M,dbambrough87@issuu.com,+86-211-965-5517,1132 Main Lane,Texas
297,Erek Capron,F,ecapron88@jalbum.net,+7-168-610-6164,31 Pleasure Plaza,Texas
298,Denise Glantz,M,dglantz89@java.com,+86-856-339-3510,8293 Carey Circle,California
299,Frederigo Renfree,F,frenfree8a@51.la,+62-174-262-4420,7 Schurz Street,Colorado
300,Renate Campey,M,rcampey8b@istockphoto.com,+62-673-204-3518,1889 Hooker Place,Colorado
301,Tatum Shorland,M,tshorland8c@pagesperso-orange.fr,+62-422-677-4709,9 Vermont Junction,Colorado
302,Grantham Salmond,M,gsalmond8d@cnn.com,+66-636-472-4788,71724 Waubesa Drive,Arizona
303,Thekla Marris,M,tmarris8e@nps.gov,+359-513-593-3153,60 Carey Center,Arizona
304,Donnie Lomaz,M,dlomaz8f@comsenz.com,+381-876-933-4194,5 Eastlawn Trail,Texas
305,Benedikta Neville,F,bneville8g@utexas.edu,+46-652-301-2880,1860 Crowley Crossing,Arizona
306,Georgie McKerron,F,gmckerron8h@biblegateway.com,+84-895-302-2947,59 Shelley Court,Arizona
307,Erminie Josilevich,F,ejosilevich8i@mac.com,+86-410-379-3044,13300 Westend Place,Nevada
308,Kean Draijer,F,kdraijer8j@a8.net,+41-867-932-7681,5 Hudson Street,Nevada
309,Lauren Gruszka,F,lgruszka8k@1und1.de,+55-891-562-0757,99 Eastwood Alley,California
310,Dot Beeden,F,dbeeden8l@tinypic.com,+692-856-802-9110,37690 Mitchell Park,New Mexico
311,Lilith Studdal,F,lstuddal8m@tinypic.com,+994-392-811-0707,728 Lukken Alley,New Mexico
312,Sayres Tretwell,M,stretwell8n@addtoany.com,+63-670-331-1802,8874 Lawn Drive,Arizona
313,Ettie Saggers,F,esaggers8o@dailymotion.com,+7-224-391-9263,946 Walton Park,Arizona
314,Ellsworth Segoe,M,esegoe8p@walmart.com,+242-739-497-0907,64625 Fulton Crossing,New Mexico
315,Hayden Elsbury,M,helsbury8q@adobe.com,+52-857-258-9546,68083 Shoshone Avenue,Texas
316,Alair Top,F,atop8r@wunderground.com,+63-804-697-9095,776 Lawn Terrace,Texas
317,Brendon Gruby,F,bgruby8s@freewebs.com,+386-661-408-2645,6 Corry Junction,Colorado
318,Gill Alsop,F,galsop8t@nsw.gov.au,+95-703-953-5798,2569 Esker Place,Utah
319,Malissia Gages,F,mgages8u@sitemeter.com,+385-610-217-9002,2 Clove Point,New Mexico
320,Peyton Skittrall,M,pskittrall8v@acquirethisname.com,+62-502-797-6967,63788 Erie Park,Oklahoma
321,Aurelia Alwell,M,aalwell8w@latimes.com,+354-702-534-4965,91132 Oriole Hill,Nevada
322,Tobit Akett,M,takett8x@vk.com,+965-403-539-6748,168 Lunder Place,Arizona
323,Simone Carberry,F,scarberry8y@weebly.com,+33-576-374-8334,488 Russell Way,Utah
324,Jilleen Pacey,F,jpacey8z@1und1.de,+81-836-774-3137,5829 Scott Court,Texas
325,Konstanze Snasdell,F,ksnasdell90@noaa.gov,+351-382-972-5804,6203 Packers Junction,New Mexico
326,Coop Monteath,M,cmonteath91@gravatar.com,+62-134-578-0718,141 Kings Way,Arizona
327,Myra Spira,M,mspira92@360.cn,+84-138-645-2586,623 Springs Trail,Colorado
328,Bibby Werndly,F,bwerndly93@so-net.ne.jp,+382-125-176-0991,68 Comanche Lane,Texas
329,Giffard Gringley,M,ggringley94@linkedin.com,+86-329-982-2149,03132 Swallow Drive,Colorado
330,Essie Gleeson,M,egleeson95@jimdo.com,+63-334-452-2678,73801 Hazelcrest Court,Utah
331,Agace Muscat,M,amuscat96@skype.com,+47-722-485-8750,25996 Fulton Parkway,New Mexico
332,Lock Filoniere,F,lfiloniere97@thetimes.co.uk,+234-263-507-9253,432 Brickson Park Lane,Nevada
333,Dorian Bech,M,dbech98@flickr.com,+48-476-763-7822,42 Vermont Junction,Texas
334,Melody Oxenden,M,moxenden99@sun.com,+48-411-585-9868,03 Upham Terrace,Texas
335,Eveleen Vannacci,M,evannacci9a@issuu.com,+51-412-360-7128,90415 Fair Oaks Park,Colorado
336,Herrick Hovie,F,hhovie9b@wikipedia.org,+55-767-990-8732,393 Division Trail,Utah
337,Vonny Rivalant,F,vrivalant9c@microsoft.com,+86-579-596-3448,4 Ilene Terrace,Colorado
338,Alvin Eakin,M,aeakin9d@tuttocitta.it,+57-293-941-4135,148 Claremont Pass,New Mexico
339,Hyacintha Shivell,F,hshivell9e@apache.org,+31-781-593-2606,302 Hanover Court,Oklahoma
340,Gabriel Buyers,M,gbuyers9f@friendfeed.com,+52-546-320-3116,2159 Victoria Avenue,Texas
341,Selle Huygen,M,shuygen9g@macromedia.com,+380-718-716-0098,667 Banding Street,New Mexico
342,Garvin Mincher,M,gmincher9h@vkontakte.ru,+507-751-520-3526,971 Lighthouse Bay Way,Texas
343,Hernando Witchalls,F,hwitchalls9i@over-blog.com,+62-901-560-7129,2546 Walton Plaza,Colorado
344,Dewitt Golton,F,dgolton9j@wp.com,+62-217-548-7303,9461 Merrick Way,Utah
345,Gibb Leckey,M,gleckey9k@theguardian.com,+593-894-879-0413,5149 Golf View Drive,Nevada
346,Theresa Kennet,F,tkennet9l@about.com,+7-258-828-7127,7793 Dovetail Drive,California
347,Marlane Garroway,F,mgarroway9m@ted.com,+7-874-246-3231,0188 Lindbergh Lane,Oklahoma
348,Gregor Bennitt,M,gbennitt9n@china.com.cn,+55-369-811-1221,317 Farmco Point,Nevada
349,Lyndel Catlin,F,lcatlin9o@comcast.net,+86-240-727-2528,621 Bowman Trail,Utah
350,Lawrence Benardeau,F,lbenardeau9p@nationalgeographic.com,+63-595-127-9064,25 Longview Parkway,Texas
351,Tedi Geggus,F,tgeggus9q@sohu.com,+1-253-222-1546,6 Forest Run Hill,Nevada
352,Kristine Burnhams,M,kburnhams9r@usatoday.com,+98-652-796-4077,621 Killdeer Center,New Mexico
353,Emelina Carbery,M,ecarbery9s@gmpg.org,+675-451-944-1257,642 Golf Course Avenue,Nevada
354,Gerald Willacot,M,gwillacot9t@java.com,+353-449-330-1959,88607 Westend Way,California
355,Torey Broomhall,F,tbroomhall9u@bloglines.com,+55-602-538-9860,68 Merchant Terrace,New Mexico
356,Armand Spellsworth,M,aspellsworth9v@exblog.jp,+385-504-825-8848,7 Thierer Way,California
357,Bella Fife,F,bfife9w@techcrunch.com,+53-337-772-4911,260 Barby Way,Oklahoma
358,Alfonse Rootes,M,arootes9x@wix.com,+86-550-107-4283,9 Sunbrook Road,Oklahoma
359,Rosette Cypler,M,rcypler9y@naver.com,+386-985-948-3083,45 Pennsylvania Road,Utah
360,Nicoline O'Mullally,F,nomullally9z@flickr.com,+64-253-157-0927,463 East Avenue,Arizona
361,Danya Glynn,F,dglynna0@nasa.gov,+86-144-285-8594,99 Cardinal Drive,Colorado
362,Madalena Lapre,M,mlaprea1@umn.edu,+86-147-306-1455,804 Fremont Avenue,Arizona
363,Mahmoud Lloyds,F,mlloydsa2@ibm.com,+381-662-178-5696,0 Sage Court,Utah
364,Emlynne Nias,M,eniasa3@51.la,+62-692-645-1560,39190 Drewry Drive,Utah
365,Brook Heymann,M,bheymanna4@yellowpages.com,+380-373-270-7658,4423 Magdeline Circle,California
366,Rancell Stapleford,F,rstapleforda5@desdev.cn,+30-826-546-2200,5207 Dixon Junction,Nevada
367,Cornie Tootin,F,ctootina6@skype.com,+62-835-494-2042,25 Schiller Parkway,Nevada
368,Callida Ends,F,cendsa7@reference.com,+86-391-851-4179,151 Del Mar Alley,Utah
369,Ketti De La Coste,F,kdea8@go.com,+48-937-625-0664,1865 Nova Avenue,California
370,Dulsea Hillan,F,dhillana9@cnet.com,+86-806-716-6905,729 Petterle Center,Utah
371,Fletcher Tinner,F,ftinneraa@is.gd,+94-891-275-7708,2 Morningstar Street,California
372,Carlotta Jeannel,M,cjeannelab@fastcompany.com,+62-453-728-9995,6050 Main Street,New Mexico
373,Delora McFie,M,dmcfieac@ft.com,+86-953-413-6861,11442 Basil Plaza,Arizona
374,Darnell Gooderridge,F,dgooderridgead@mysql.com,+62-315-190-1859,9 Ridge Oak Road,Colorado
375,Archambault Orhtmann,F,aorhtmannae@issuu.com,+509-757-885-5511,965 High Crossing Way,Oklahoma
376,Fleurette Szymoni,M,fszymoniaf@drupal.org,+970-532-559-0615,149 Ryan Drive,Utah
377,Cyb Hourihan,M,chourihanag@icio.us,+506-564-465-3681,17899 Eagle Crest Hill,Colorado
378,Flint Poleykett,M,fpoleykettah@icq.com,+963-805-693-2567,5865 Drewry Pass,Colorado
379,Hilary Wooland,M,hwoolandai@webnode.com,+62-540-415-1980,431 Fieldstone Avenue,Arizona
380,Urbanus Tampin,M,utampinaj@netlog.com,+230-737-244-8651,08848 Arrowood Place,Arizona
381,Ricoriki Rogier,M,rrogierak@ca.gov,+380-904-571-6918,4769 Hansons Point,Utah
382,Rani Folcarelli,M,rfolcarellial@marketwatch.com,+7-920-563-0155,2784 Maryland Avenue,Utah
383,Stefania Spanton,M,sspantonam@twitpic.com,+45-591-934-3897,60 Melby Terrace,Utah
384,Lil Pollins,M,lpollinsan@abc.net.au,+86-530-639-1394,41 Lawn Point,New Mexico
385,Jamie Josephs,M,jjosephsao@google.com.br,+51-284-382-7196,4679 Upham Trail,Texas
386,Rosene Feeney,F,rfeeneyap@reddit.com,+55-464-118-1715,042 Dixon Parkway,Utah
387,Morris Oiseau,M,moiseauaq@gov.uk,+98-751-858-0288,4078 Derek Point,Texas
388,Danell Gibbin,M,dgibbinar@vk.com,+351-143-828-2200,18660 Evergreen Pass,Nevada
389,Wang Gage,F,wgageas@tumblr.com,+420-355-802-4548,31 Weeping Birch Alley,Nevada
390,Ian Titman,M,ititmanat@soundcloud.com,+351-270-997-2938,110 Eagan Center,New Mexico
391,Eal Meany,F,emeanyau@washington.edu,+387-659-573-4598,916 Riverside Point,Nevada
392,Robena Delle,M,rdelleav@feedburner.com,+268-548-512-1102,1209 Lerdahl Hill,Texas
393,Claudius Gulston,F,cgulstonaw@vkontakte.ru,+48-987-384-8266,9998 Oriole Place,California
394,Geri McKintosh,M,gmckintoshax@house.gov,+86-429-339-8046,3585 Kenwood Avenue,Texas
395,Katusha Kellog,M,kkellogay@meetup.com,+389-614-759-7592,2419 Granby Crossing,Colorado
396,Maggie Exrol,M,mexrolaz@timesonline.co.uk,+86-165-428-2301,2961 Rusk Center,Arizona
397,Alexandro Pigford,F,apigfordb0@dion.ne.jp,+595-473-316-4105,784 Swallow Terrace,Utah
398,Corry Swalough,M,cswaloughb1@businesswire.com,+86-988-165-5494,51 Prairie Rose Street,Utah
399,Wylie Grabeham,M,wgrabehamb2@sogou.com,+352-240-426-2180,2 Main Street,Oklahoma
400,Katheryn Leeman,M,kleemanb3@dedecms.com,+86-613-547-2760,5649 Texas Pass,New Mexico
401,Bette Vonderdell,M,bvonderdellb4@ox.ac.uk,+420-266-501-0688,297 Clove Road,New Mexico
402,Paton Wintour,M,pwintourb5@moonfruit.com,+55-139-332-9334,491 Morningstar Crossing,New Mexico
403,Bevin Guiel,F,bguielb6@lycos.com,+420-787-349-2728,23 Melody Circle,California
404,Luther Ferri,M,lferrib7@creativecommons.org,+81-557-503-8143,8 Artisan Circle,Utah
405,Hephzibah Kitchener,M,hkitchenerb8@discovery.com,+86-120-350-0596,99645 Northridge Lane,Nevada
406,Gage Yewen,M,gyewenb9@redcross.org,+86-971-568-2897,365 Porter Circle,Arizona
407,Robinson Howat,M,rhowatba@salon.com,+1-529-638-7852,699 Pepper Wood Trail,Arizona
408,Merell Skeen,F,mskeenbb@hexun.com,+46-714-784-5217,3 Chinook Pass,Utah
409,Lizabeth Vatcher,F,lvatcherbc@gizmodo.com,+48-696-214-1417,43597 Crest Line Alley,New Mexico
410,Heall Gallego,M,hgallegobd@unesco.org,+506-255-960-8585,6 Lunder Pass,Utah
411,Benyamin Antony,M,bantonybe@godaddy.com,+81-978-572-3726,32 Dahle Point,Utah
412,Clementine Aspenlon,M,caspenlonbf@wordpress.com,+53-443-345-3314,8899 Dakota Alley,Oklahoma
413,Maybelle Hoyes,M,mhoyesbg@loc.gov,+66-751-588-7459,99 Hintze Lane,New Mexico
414,Kaleena Oattes,M,koattesbh@bandcamp.com,+86-101-580-2311,60 Harbort Crossing,Nevada
415,Elfreda Furnival,F,efurnivalbi@bizjournals.com,+33-646-520-0319,68154 Red Cloud Avenue,Texas
416,Eric Alpes,M,ealpesbj@xrea.com,+48-922-954-4672,56 Luster Junction,Colorado
417,Hedi Havenhand,M,hhavenhandbk@livejournal.com,+86-220-597-4815,8 Dryden Terrace,Utah
418,Bentlee Cavanagh,F,bcavanaghbl@washington.edu,+62-172-874-4568,3 Farmco Drive,Nevada
419,Murielle Dace,M,mdacebm@istockphoto.com,+55-330-169-0717,427 Holmberg Parkway,Oklahoma
420,Carena Rudgerd,M,crudgerdbn@gov.uk,+389-853-222-9339,91727 Dixon Way,Arizona
421,Onida Axelbey,M,oaxelbeybo@bigcartel.com,+55-825-633-0356,13338 Hovde Point,New Mexico
422,Clayton Morrow,M,cmorrowbp@noaa.gov,+855-188-911-7013,5551 Melody Court,Utah
423,Danyelle Hannigane,F,dhanniganebq@yelp.com,+62-560-460-2924,3007 Cascade Pass,California
424,Sigismundo Domokos,F,sdomokosbr@europa.eu,+62-156-706-7790,52614 Chive Place,Texas
425,Wain Bim,M,wbimbs@lulu.com,+86-240-338-9743,8 Basil Parkway,Utah
426,Albertina Harverson,F,aharversonbt@shinystat.com,+62-325-906-4517,080 Eastwood Avenue,Arizona
427,Merell Coils,M,mcoilsbu@gnu.org,+86-181-155-8623,8761 Ryan Point,Arizona
428,Dean Duplock,M,dduplockbv@mapy.cz,+86-660-987-6475,48 Farwell Trail,Oklahoma
429,Trix Northin,M,tnorthinbw@icq.com,+86-983-577-5431,1737 Thackeray Way,Texas
430,Clarance Flageul,M,cflageulbx@pagesperso-orange.fr,+374-419-499-6971,48 Banding Drive,Nevada
431,Emiline Bank,F,ebankby@google.ru,+63-746-277-7855,33 Westridge Trail,Nevada
432,Clayson Flynn,M,cflynnbz@twitpic.com,+52-143-928-3233,6 Old Shore Pass,Utah
433,Jillayne Witz,M,jwitzc0@irs.gov,+86-210-931-5564,3 Quincy Plaza,Nevada
434,Codie Hammond,M,chammondc1@china.com.cn,+30-719-366-4609,631 Northview Pass,Utah
435,Gina Bertlin,F,gbertlinc2@dot.gov,+84-570-645-2735,18 Basil Drive,Colorado
436,Reena Deakes,M,rdeakesc3@businessinsider.com,+7-545-711-7350,553 Mccormick Place,Utah
437,Brand Marfield,M,bmarfieldc4@go.com,+54-402-979-1500,1142 Derek Parkway,Utah
438,Berget Gilbeart,F,bgilbeartc5@cyberchimps.com,+351-379-567-6410,1 Eggendart Terrace,Colorado
439,Nehemiah Persich,F,npersichc6@histats.com,+51-784-685-9493,230 Browning Alley,California
440,Niel Gwyllt,M,ngwylltc7@blogtalkradio.com,+58-742-578-9815,38369 Kenwood Lane,Utah
441,Garry Bottoms,F,gbottomsc8@sphinn.com,+86-953-419-2147,55 Old Gate Alley,California
442,Conney Carrel,M,ccarrelc9@wired.com,+1-885-945-6642,5 Gulseth Crossing,Oklahoma
443,Natty Inkles,M,ninklesca@ox.ac.uk,+51-649-875-4675,07443 Anhalt Hill,New Mexico
444,Fabiano Eisig,F,feisigcb@devhub.com,+212-496-909-9254,9 Veith Street,Arizona
445,Wilow Ricciardello,M,wricciardellocc@topsy.com,+967-859-562-7735,4 Rigney Pass,California
446,Tressa Fridd,F,tfriddcd@sina.com.cn,+54-787-142-1945,49 Huxley Circle,New Mexico
447,Penrod McComiskie,M,pmccomiskiece@hubpages.com,+86-777-253-9884,53660 Manley Avenue,Colorado
448,Artus Bowering,F,aboweringcf@epa.gov,+970-783-308-3929,3 Kedzie Court,Nevada
449,Claudette Reinisch,F,creinischcg@home.pl,+351-340-890-1829,62 Independence Drive,Oklahoma
450,Becki Atte-Stone,M,battestonech@rediff.com,+7-292-995-9358,77208 Lotheville Junction,Texas
451,Steffane Allerton,M,sallertonci@wordpress.com,+48-333-154-5444,12930 Ludington Circle,New Mexico
452,Darb Skeermer,M,dskeermercj@msn.com,+46-580-707-8340,13 Northview Avenue,Texas
453,Adolf Greenrde,F,agreenrdeck@businessinsider.com,+86-346-791-7389,31 Leroy Lane,Colorado
454,Kinny Rykert,M,krykertcl@seesaa.net,+51-733-340-1275,7 Eggendart Road,Texas
455,Shandie Elrick,F,selrickcm@g.co,+591-178-192-7362,69230 Melrose Drive,California
456,Nollie Shoesmith,M,nshoesmithcn@edublogs.org,+86-697-671-2223,28 Straubel Avenue,Nevada
457,Archie Trevna,F,atrevnaco@indiatimes.com,+48-370-130-4100,96044 Everett Junction,Nevada
458,Jeffrey Micklewicz,F,jmicklewiczcp@ycombinator.com,+359-570-478-7729,73656 Delaware Point,California
459,Fianna Hellier,M,fhelliercq@google.it,+30-376-107-1497,36287 Armistice Crossing,Oklahoma
460,Kassi Sapauton,M,ksapautoncr@gnu.org,+62-929-887-0583,1810 Vernon Way,Texas
461,Florina Craigg,M,fcraiggcs@so-net.ne.jp,+351-117-171-9760,6470 Loftsgordon Street,Utah
462,Vanya Castiblanco,F,vcastiblancoct@sakura.ne.jp,+502-157-767-0567,5284 Moulton Parkway,New Mexico
463,Arlene Riggott,M,ariggottcu@examiner.com,+86-831-878-0901,5 Erie Parkway,Oklahoma
464,Karel Trime,M,ktrimecv@whitehouse.gov,+33-511-927-5030,81437 Novick Center,Utah
465,Gerri Remington,F,gremingtoncw@skyrock.com,+7-997-269-9757,7479 Debra Court,Oklahoma
466,Quentin Leyninye,F,qleyninyecx@disqus.com,+1-403-517-2019,27 Bashford Place,California
467,Isa Guilloneau,M,iguilloneaucy@usnews.com,+86-850-140-9581,87 Ryan Crossing,California
468,Aviva Piccard,F,apiccardcz@ibm.com,+1-773-367-5671,03581 Rieder Plaza,Nevada
469,Denny O'Brian,M,dobriand0@msu.edu,+235-545-627-9101,8915 Reinke Plaza,Texas
470,Benedict McCaig,F,bmccaigd1@washington.edu,+86-661-484-0773,382 Fairfield Place,California
471,Correy Atte-Stone,M,cattestoned2@dailymotion.com,+81-405-152-2152,2 Anthes Road,Oklahoma
472,Sharlene Herche,F,sherched3@multiply.com,+358-994-427-4527,457 Brentwood Court,New Mexico
473,Griffin Debenham,F,gdebenhamd4@hibu.com,+51-543-182-3051,59 Prentice Hill,Colorado
474,Angel Janota,M,ajanotad5@illinois.edu,+46-591-442-3773,30915 Sauthoff Alley,Oklahoma
475,Tammy Paddington,M,tpaddingtond6@chicagotribune.com,+976-359-770-6129,46397 Buell Street,California
476,Layla Duesbury,M,lduesburyd7@google.com.hk,+63-795-939-5031,95 Anderson Circle,Nevada
477,Sophi Filyakov,F,sfilyakovd8@feedburner.com,+86-906-203-7141,91 Bellgrove Avenue,Texas
478,Carey Hollingsbee,M,chollingsbeed9@people.com.cn,+86-645-243-3068,0971 Utah Center,Texas
479,Jenelle Studdard,F,jstuddardda@sbwire.com,+855-844-262-3365,3515 Upham Alley,Texas
480,Winn Orrin,F,worrindb@xinhuanet.com,+62-784-704-8973,56 Miller Way,New Mexico
481,Dalston Gyles,M,dgylesdc@vk.com,+1-492-776-5824,61930 Del Sol Hill,Oklahoma
482,Jesse De Metz,F,jdedd@nyu.edu,+236-600-223-1561,6 Pawling Point,California
483,Georgi Gumm,F,ggummde@reference.com,+7-972-435-8080,65948 Fallview Road,Arizona
484,Tommy Lindeberg,F,tlindebergdf@omniture.com,+55-246-108-3630,0848 Crowley Terrace,New Mexico
485,Ranique Hawken,M,rhawkendg@soup.io,+55-901-377-8058,215 Crest Line Avenue,Colorado
486,Baillie Carrodus,M,bcarrodusdh@oaic.gov.au,+352-245-594-9251,43964 High Crossing Parkway,New Mexico
487,Demetri Gonzalo,M,dgonzalodi@twitter.com,+30-825-636-6411,67 Lawn Junction,Nevada
488,Adrienne Goldis,F,agoldisdj@domainmarket.com,+86-155-599-9206,2 Briar Crest Trail,Oklahoma
489,Arlan Payze,F,apayzedk@google.cn,+49-301-280-5086,4 Grayhawk Circle,Oklahoma
490,Sydney Wadworth,F,swadworthdl@state.tx.us,+234-758-258-3402,049 Clemons Terrace,Arizona
491,Shae Balcon,M,sbalcondm@icio.us,+48-368-347-8474,40 Florence Plaza,Utah
492,Sherie Mountford,F,smountforddn@whitehouse.gov,+94-555-890-5445,63598 Sloan Drive,Arizona
493,Jillayne Eccersley,M,jeccersleydo@yellowpages.com,+86-950-610-6678,24 Scoville Way,New Mexico
494,Brendin Mochan,M,bmochandp@google.com.au,+251-406-850-4795,45 David Center,California
495,Stormi Boggas,M,sboggasdq@baidu.com,+46-613-646-5572,50492 Division Place,Utah
496,Alfons Aizikowitz,F,aaizikowitzdr@gmpg.org,+256-884-757-0454,860 Acker Circle,Colorado
497,Jedidiah Legendre,F,jlegendreds@e-recht24.de,+855-891-899-7132,67 Carey Lane,New Mexico
498,Felecia Bodemeaid,M,fbodemeaiddt@constantcontact.com,+48-819-634-8742,45954 Warner Terrace,Colorado
499,Alex Housden,F,ahousdendu@gov.uk,+55-133-892-1657,4 Saint Paul Hill,Utah
500,Nataniel Gilgryst,M,ngilgrystdv@netvibes.com,+33-121-695-2019,068 Miller Junction,Arizona
501,Hunter Hudspeth,F,hhudspethdw@theatlantic.com,+86-309-978-3953,77 Coleman Terrace,Oklahoma
502,Louie Piken,F,lpikendx@amazonaws.com,+63-552-406-3103,688 Delaware Hill,California
503,Jareb Mullard,F,jmullarddy@wp.com,+33-786-495-7958,8 Kennedy Point,Nevada
504,Waldon Caslane,F,wcaslanedz@wix.com,+62-542-263-2191,71004 Brown Point,California
505,Nicolette Robbeke,F,nrobbekee0@networksolutions.com,+63-667-138-2998,26563 Hermina Crossing,Colorado
506,Aleen Mogridge,M,amogridgee1@fda.gov,+86-505-705-9046,4516 Clemons Hill,Texas
507,Kathy Bompass,F,kbompasse2@loc.gov,+381-278-869-4423,7 Porter Crossing,Colorado
508,Augustine Evitts,M,aevittse3@usda.gov,+7-778-274-2687,3 American Junction,New Mexico
509,Maisey Chavey,M,mchaveye4@digg.com,+62-599-961-0103,50347 Petterle Point,Nevada
510,Gigi Ashwin,M,gashwine5@hc360.com,+62-741-971-9454,8 Dexter Drive,New Mexico
511,Quintin McCathy,F,qmccathye6@sina.com.cn,+992-722-911-5916,8101 Ruskin Road,Arizona
512,Allix Satcher,F,asatchere7@booking.com,+62-340-397-8573,5054 Gateway Circle,California
513,Adrian Kleehuhler,F,akleehuhlere8@instagram.com,+389-431-504-8389,68 Thierer Junction,California
514,Yank Summerill,M,ysummerille9@freewebs.com,+62-125-473-0960,431 Fairview Alley,Texas
515,Hyacintha Farmery,M,hfarmeryea@ezinearticles.com,+381-656-782-4281,41 Mockingbird Circle,Nevada
516,Inna McAllaster,F,imcallastereb@github.com,+225-439-620-5323,452 Forest Parkway,Colorado
517,Joletta Lacroux,F,jlacrouxec@behance.net,+1-172-643-3789,63 Eliot Place,Texas
518,Janis Smalridge,M,jsmalridgeed@github.com,+48-566-496-7255,9262 Meadow Ridge Center,Utah
519,Phillida Sandyfirth,F,psandyfirthee@dagondesign.com,+81-880-926-3716,663 Annamark Plaza,New Mexico
520,Shea Izaks,M,sizaksef@msu.edu,+504-750-698-0263,7 Loftsgordon Park,Texas
521,Dwain Aslam,M,daslameg@yellowpages.com,+48-478-989-6188,06 Fairview Center,Colorado
522,Ewart Sandry,M,esandryeh@typepad.com,+374-440-119-7815,7800 Maywood Court,New Mexico
523,Alphonse Beams,F,abeamsei@linkedin.com,+62-235-382-5029,1 Elmside Junction,Utah
524,Julieta Ferry,M,jferryej@shutterfly.com,+53-339-539-7638,5 Crowley Place,Arizona
525,Daisie Gherardini,F,dgherardiniek@cloudflare.com,+93-982-406-2224,53266 Nancy Park,California
526,Mohammed Buckmaster,M,mbuckmasterel@aboutads.info,+86-657-989-6237,567 Crest Line Way,Colorado
527,Rock Polkinghorne,M,rpolkinghorneem@xrea.com,+55-443-355-3844,94 Beilfuss Way,Oklahoma
528,Christy Lehrmann,M,clehrmannen@over-blog.com,+86-404-798-4881,80346 Artisan Center,New Mexico
529,Jelene Worrill,M,jworrilleo@economist.com,+93-921-220-6279,14 Heffernan Crossing,California
530,Ianthe Bloss,M,iblossep@columbia.edu,+51-201-493-3793,06170 Norway Maple Way,Utah
531,Jorge Carbin,M,jcarbineq@de.vu,+63-315-341-1880,0 Fairfield Drive,Utah
532,Nicoline Priestner,F,npriestnerer@networksolutions.com,+30-643-459-4108,481 Monument Point,Nevada
533,Teodoor Tanser,F,ttanseres@tuttocitta.it,+86-683-259-7800,7 Crest Line Place,Utah
534,Sula Skydall,F,sskydallet@eventbrite.com,+380-777-469-7966,2732 Bluejay Drive,Colorado
535,Sim Suffield,F,ssuffieldeu@163.com,+7-369-237-1581,18449 Derek Street,Texas
536,Malynda Korb,F,mkorbev@washington.edu,+62-823-577-5480,07460 Hansons Avenue,New Mexico
537,Rafaellle Kirckman,F,rkirckmanew@prweb.com,+33-592-211-2087,1582 Ronald Regan Place,Arizona
538,Peta Mepham,F,pmephamex@vinaora.com,+52-743-542-7777,4 Mayer Terrace,Utah
539,Kennan Blant,M,kblantey@so-net.ne.jp,+86-805-576-3867,0949 Boyd Point,Utah
540,Paco Petrasch,M,ppetraschez@whitehouse.gov,+7-740-812-5997,1864 Declaration Crossing,Nevada
541,Federico Aggs,M,faggsf0@booking.com,+256-824-629-9331,3025 Dennis Way,Utah
542,Glynda Bragge,M,gbraggef1@cmu.edu,+687-792-831-9382,86229 Carpenter Alley,Utah
543,Bealle Phebee,M,bphebeef2@symantec.com,+355-192-826-1539,2 Hudson Circle,Nevada
544,Sigismund Byer,F,sbyerf3@drupal.org,+63-338-807-2362,290 Meadow Ridge Center,Oklahoma
545,Darell Dehm,F,ddehmf4@nyu.edu,+33-350-321-6297,4 Paget Trail,Texas
546,Colene Grigs,M,cgrigsf5@naver.com,+45-437-354-2428,85 Sloan Junction,California
547,Zorana Yair,M,zyairf6@vimeo.com,+66-630-271-6387,29901 Jenna Street,Arizona
548,Giffard Gorghetto,M,ggorghettof7@exblog.jp,+351-173-987-2635,05 Carpenter Terrace,Arizona
549,Charisse Rubinovici,M,crubinovicif8@earthlink.net,+7-896-582-3341,02680 Schlimgen Pass,California
550,Teena McGarry,M,tmcgarryf9@fotki.com,+62-663-588-7756,71 Merrick Drive,Texas
551,Melany Brizell,F,mbrizellfa@telegraph.co.uk,+86-224-629-1193,4001 Monica Road,Nevada
552,Kaitlin Thoresbie,M,kthoresbiefb@nyu.edu,+48-137-147-2028,847 Nova Center,New Mexico
553,Graeme Le Floch,M,glefc@cisco.com,+53-490-359-8017,95654 Lawn Terrace,California
554,Eddy Crocetti,M,ecrocettifd@nytimes.com,+86-885-229-3935,0266 Almo Trail,Colorado
555,Lotte Wiggett,F,lwiggettfe@spotify.com,+62-453-223-7817,13 Elgar Alley,California
556,Kevan Eburah,F,keburahff@indiegogo.com,+86-341-252-3074,32 Cascade Junction,New Mexico
557,Gigi Stollwerck,M,gstollwerckfg@angelfire.com,+58-312-872-1465,6143 Bartillon Park,Nevada
558,Sheffie O'Reilly,F,soreillyfh@bloglines.com,+46-510-234-2177,71461 Esker Alley,Utah
559,Magnum Pickles,F,mpicklesfi@youtube.com,+351-829-573-0674,273 Anderson Place,Oklahoma
560,Freddie Alexandersson,M,falexanderssonfj@phoca.cz,+62-993-263-7718,92824 Carberry Avenue,Colorado
561,Lorinda Clery,M,lcleryfk@webeden.co.uk,+7-459-766-4719,27 Vermont Drive,Colorado
562,Reece Walles,M,rwallesfl@state.tx.us,+57-650-886-5607,99313 Northfield Parkway,Texas
563,Gerick Guyonnet,M,gguyonnetfm@netlog.com,+7-692-496-1889,274 Stang Pass,Nevada
564,Correy Mathey,F,cmatheyfn@privacy.gov.au,+62-767-511-0570,2704 Division Trail,California
565,Wallis Conniam,F,wconniamfo@youtu.be,+55-238-345-8539,7567 Haas Plaza,Arizona
566,Letisha Philcock,F,lphilcockfp@aol.com,+7-403-255-4231,83375 Mandrake Junction,Oklahoma
567,Damaris Razzell,F,drazzellfq@123-reg.co.uk,+49-917-119-6841,23 Everett Center,Arizona
568,Pamella Harpham,F,pharphamfr@myspace.com,+7-438-957-6728,31 Melrose Lane,Arizona
569,Ayn Frayling,F,afraylingfs@pagesperso-orange.fr,+351-625-524-5376,28 Homewood Pass,Texas
570,Wilhelm Goodlip,F,wgoodlipft@telegraph.co.uk,+81-722-289-2396,446 Bartillon Place,California
571,Friederike Perrinchief,M,fperrinchieffu@sourceforge.net,+7-654-390-7768,6 Londonderry Crossing,Utah
572,Melisandra Jansson,F,mjanssonfv@cbsnews.com,+52-609-437-7452,3 Melby Street,New Mexico
573,Dane Palliser,M,dpalliserfw@adobe.com,+86-409-565-2482,22773 Onsgard Trail,New Mexico
574,Edwina Mates,F,ematesfx@istockphoto.com,+355-590-955-9558,5978 Cherokee Pass,Texas
575,Tamar Dach,F,tdachfy@cdc.gov,+52-675-130-4750,63 Dwight Drive,Texas
576,Dominique Caret,F,dcaretfz@g.co,+33-295-864-5501,5089 Burning Wood Drive,Nevada
577,Brucie Stopper,M,bstopperg0@godaddy.com,+86-599-370-6562,44 Sherman Pass,Colorado
578,Moore Eddowes,F,meddowesg1@jimdo.com,+386-165-201-1420,2 East Road,Texas
579,Ingemar Copeman,M,icopemang2@woothemes.com,+351-655-624-6462,0 Quincy Pass,Arizona
580,Conant Gavan,F,cgavang3@wiley.com,+60-204-968-4497,681 Corben Place,Texas
581,Chastity Bolley,F,cbolleyg4@army.mil,+387-161-623-8957,8 Waxwing Terrace,California
582,Morey Schmuhl,M,mschmuhlg5@stanford.edu,+263-786-210-8971,877 Spaight Way,California
583,Antonin Poller,M,apollerg6@deviantart.com,+92-527-508-9831,149 Spohn Point,Colorado
584,Rois Froome,F,rfroomeg7@ovh.net,+57-112-436-5045,5 Miller Pass,Texas
585,Sasha Giles,F,sgilesg8@alibaba.com,+86-166-387-4609,59267 Muir Road,Oklahoma
586,Natassia Bonnell,F,nbonnellg9@tinypic.com,+46-548-352-0767,7 Farwell Court,Texas
587,Jodee Stockle,M,jstocklega@unblog.fr,+46-418-379-6815,48 Arkansas Circle,Utah
588,Jerrie Shitliffe,F,jshitliffegb@jigsy.com,+220-378-753-1461,2793 Gulseth Terrace,Nevada
589,Heall Proschek,F,hproschekgc@dedecms.com,+970-481-624-7559,3327 Dorton Road,Texas
590,Carla Yeeles,M,cyeelesgd@clickbank.net,+977-778-459-0261,83081 Grim Way,Nevada
591,Lenette Berget,F,lbergetge@qq.com,+242-911-111-3703,65229 Badeau Hill,Nevada
592,Georg Burgon,F,gburgongf@prlog.org,+86-597-940-2390,7 Arrowood Junction,Utah
593,Kelvin Cheston,M,kchestongg@joomla.org,+46-314-924-0314,575 1st Park,Colorado
594,Cullen Grahamslaw,F,cgrahamslawgh@europa.eu,+86-160-607-5969,971 Mccormick Alley,Oklahoma
595,Charla Tomei,F,ctomeigi@nature.com,+86-854-334-1800,7848 Ramsey Center,Texas
596,Orelie Learie,M,oleariegj@adobe.com,+86-369-561-0228,10 Canary Junction,Colorado
597,Caryn Groucock,M,cgroucockgk@biglobe.ne.jp,+7-324-327-8775,1 American Ash Plaza,Colorado
598,Moll Von Welldun,F,mvongl@myspace.com,+86-101-312-6249,6740 Bultman Parkway,New Mexico
599,Templeton Stourton,F,tstourtongm@csmonitor.com,+351-491-397-8888,5 Pearson Circle,Utah
600,Kent Hrishchenko,F,khrishchenkogn@joomla.org,+358-180-474-5057,96884 Bartelt Pass,Arizona
601,Gladys Kiddey,M,gkiddeygo@e-recht24.de,+1-904-816-6298,49 Dayton Place,Colorado
602,Brook Vogele,F,bvogelegp@nbcnews.com,+358-231-766-8393,438 Roth Road,Utah
603,Freddy Ollier,F,folliergq@symantec.com,+261-642-573-7711,07971 Mariners Cove Junction,New Mexico
604,Brit Pumphrey,F,bpumphreygr@prnewswire.com,+48-609-754-1084,0246 Colorado Hill,California
605,Deborah Bevis,M,dbevisgs@macromedia.com,+86-823-146-2760,14630 American Ash Circle,Texas
606,Ram Goosey,M,rgooseygt@cafepress.com,+55-523-656-7663,15778 David Court,New Mexico
607,Darb Auston,M,daustongu@usatoday.com,+269-222-193-2636,87 Brickson Park Way,Arizona
608,Diann Hustings,F,dhustingsgv@businesswire.com,+375-127-914-0659,11518 Melby Circle,New Mexico
609,Isak Mayberry,F,imayberrygw@deviantart.com,+47-307-389-9377,995 Farwell Plaza,New Mexico
610,Sally Guitte,M,sguittegx@paypal.com,+54-342-868-6498,57474 Hazelcrest Trail,Colorado
611,Mollee Sibun,F,msibungy@biblegateway.com,+47-206-950-9989,96618 Moulton Junction,Texas
612,Carey Phillput,F,cphillputgz@studiopress.com,+351-943-350-6828,6727 Golf View Center,Colorado
613,Chris Nutting,F,cnuttingh0@ihg.com,+86-847-376-0787,78336 Pearson Center,California
614,Nari Doherty,F,ndohertyh1@purevolume.com,+351-654-358-6161,139 Tomscot Avenue,California
615,Oralie Dovidian,F,odovidianh2@sfgate.com,+63-171-256-3600,5 Sutteridge Circle,Arizona
616,Cristi Gallichiccio,F,cgallichiccioh3@gmpg.org,+967-296-522-5627,87 Bellgrove Trail,California
617,Efrem Graveson,F,egravesonh4@deviantart.com,+254-628-930-3054,28 Eagan Junction,New Mexico
618,Billie Frew,M,bfrewh5@360.cn,+57-474-820-4413,2 Buena Vista Street,Utah
619,Tedra McDill,M,tmcdillh6@parallels.com,+261-322-521-9178,2 Muir Lane,Nevada
620,Philomena Featonby,M,pfeatonbyh7@buzzfeed.com,+970-223-345-3558,5 Sugar Point,Oklahoma
621,Titus Harrop,M,tharroph8@360.cn,+386-813-806-4680,0 Twin Pines Avenue,Texas
622,Nicol Phette,F,nphetteh9@ted.com,+62-576-118-0758,9 Truax Pass,Utah
623,Roley Falconer,M,rfalconerha@washington.edu,+62-635-652-0872,9786 Fair Oaks Park,Nevada
624,Siobhan Clunan,F,sclunanhb@smh.com.au,+86-833-680-5056,83 Lunder Lane,California
625,Jesse Bremmer,M,jbremmerhc@phpbb.com,+49-950-711-3953,4230 Arrowood Road,Utah
626,Sabra Durtnel,F,sdurtnelhd@plala.or.jp,+7-183-125-8424,6532 Stoughton Park,New Mexico
627,Spence Twitchings,M,stwitchingshe@linkedin.com,+967-267-775-4894,473 American Ash Pass,Texas
628,Ossie Kolodziejski,M,okolodziejskihf@posterous.com,+86-436-974-9697,9483 Duke Crossing,Texas
629,Kathy McBrier,F,kmcbrierhg@alibaba.com,+62-185-543-3288,04591 Del Sol Street,Texas
630,Clayson Shewen,F,cshewenhh@tinypic.com,+66-700-204-0254,6 6th Plaza,New Mexico
631,Florry Dudden,M,fduddenhi@oakley.com,+381-418-733-3072,3 Hanover Place,Utah
632,Ralina Kobke,F,rkobkehj@livejournal.com,+51-416-190-3218,33796 Clyde Gallagher Way,Colorado
633,Vick Carlyon,F,vcarlyonhk@simplemachines.org,+7-571-820-8468,6 Summerview Place,Texas
634,Terry Greenrde,F,tgreenrdehl@cisco.com,+86-984-828-5252,50199 Namekagon Lane,Texas
635,Myrvyn Keinrat,M,mkeinrathm@cnn.com,+7-770-784-0892,65 Prentice Parkway,Utah
636,Nicole McKevany,M,nmckevanyhn@meetup.com,+380-250-516-6549,11477 Rieder Alley,Oklahoma
637,Ketty Probey,F,kprobeyho@ocn.ne.jp,+48-911-132-7169,00 Saint Paul Park,California
638,Kimberli Bellhanger,F,kbellhangerhp@xrea.com,+86-532-939-9755,25 Artisan Trail,Texas
639,Bryant Quaife,M,bquaifehq@time.com,+86-431-800-5593,5356 Acker Terrace,Texas
640,Ettie Prozillo,M,eprozillohr@google.com.hk,+92-588-891-3720,002 Warrior Plaza,California
641,Ethelind Kloska,M,ekloskahs@scribd.com,+63-519-341-3418,2 Anderson Circle,Nevada
642,Dredi Cutridge,F,dcutridgeht@yellowpages.com,+1-781-817-5338,901 Shopko Junction,Utah
643,Darill Capoun,F,dcapounhu@mit.edu,+33-515-188-7890,614 Donald Parkway,Arizona
644,Lavena Audrey,F,laudreyhv@ftc.gov,+63-143-268-9774,9772 Acker Point,Arizona
645,Elvira MacEllen,F,emacellenhw@deliciousdays.com,+33-218-997-4127,0 Saint Paul Street,Nevada
646,Eba Jekel,M,ejekelhx@surveymonkey.com,+86-324-711-0703,4502 Fairview Center,Oklahoma
647,Dorothee Suggett,F,dsuggetthy@slate.com,+62-836-752-7483,2724 Hoepker Place,Texas
648,Allene Guerrieri,F,aguerrierihz@t-online.de,+30-819-406-1336,115 Spaight Center,California
649,Marve Trethewey,M,mtretheweyi0@surveymonkey.com,+62-889-836-7254,4848 Toban Hill,Oklahoma
650,Bevvy Yanshin,M,byanshini1@jiathis.com,+86-518-713-6883,56 Namekagon Court,California
651,Mirabelle Lapre,F,mlaprei2@devhub.com,+976-684-727-0205,2 Warbler Circle,New Mexico
652,Mollie Quinnelly,F,mquinnellyi3@friendfeed.com,+33-535-208-9931,5 Linden Center,California
653,Drucy Champneys,F,dchampneysi4@free.fr,+54-308-139-8968,370 Sheridan Parkway,Colorado
654,Valentijn Roth,M,vrothi5@admin.ch,+676-724-621-2117,843 Farmco Trail,Arizona
655,Madelaine Allsworth,F,mallsworthi6@jiathis.com,+86-100-413-2086,0 Burning Wood Plaza,Arizona
656,Jacquelynn Klasing,M,jklasingi7@wsj.com,+55-797-166-7058,340 Mayfield Circle,Utah
657,Drucy Lloyd,F,dlloydi8@twitter.com,+86-820-104-1059,7 Wayridge Terrace,New Mexico
658,Kiele Giraudy,F,kgiraudyi9@unicef.org,+63-383-517-4707,00180 North Pass,Nevada
659,Franky Caramuscia,M,fcaramusciaia@ow.ly,+46-648-975-3337,54903 Lyons Hill,Utah
660,Wilden McNalley,F,wmcnalleyib@chronoengine.com,+44-607-340-2839,4220 Mccormick Plaza,Arizona
661,Annnora Stammler,F,astammleric@fema.gov,+20-632-618-1491,097 Atwood Parkway,Oklahoma
662,Iris Attride,F,iattrideid@wired.com,+351-649-724-3938,4 Westerfield Pass,Oklahoma
663,Ardys Borgnol,M,aborgnolie@gmpg.org,+62-532-635-4558,73992 Barby Place,New Mexico
664,Casey Gamble,M,cgambleif@zimbio.com,+81-586-708-3308,03 Eastlawn Avenue,Oklahoma
665,Desiri Sissel,F,dsisselig@sfgate.com,+351-851-831-6649,58639 Troy Place,Oklahoma
666,Michail Bly,F,mblyih@weather.com,+84-850-140-9148,2604 Utah Parkway,New Mexico
667,Bat Barense,M,bbarenseii@php.net,+55-553-390-7580,54146 Novick Crossing,Texas
668,Tiena Eggers,M,teggersij@ycombinator.com,+48-888-193-8295,5 Division Street,New Mexico
669,Abbi Crinkley,F,acrinkleyik@gmpg.org,+62-613-266-1863,69768 Main Trail,Colorado
670,Emyle Boosey,F,ebooseyil@prweb.com,+351-229-413-4749,699 Fairfield Trail,New Mexico
671,Ulla Boswood,F,uboswoodim@addtoany.com,+47-343-935-2495,49 Pawling Avenue,Texas
672,Reinald Fass,F,rfassin@newsvine.com,+86-432-756-3114,91894 Cody Crossing,Colorado
673,Caren Greenhalgh,F,cgreenhalghio@skyrock.com,+92-846-815-9384,11 Macpherson Park,Colorado
674,Orly Brunroth,M,obrunrothip@paginegialle.it,+62-530-807-0822,79068 Blue Bill Park Road,California
675,Myca Addis,F,maddisiq@ning.com,+86-250-851-1486,1 Village Center,Colorado
676,Kinsley Benduhn,M,kbenduhnir@usa.gov,+33-363-772-9473,120 Messerschmidt Way,Utah
677,Sibella Crowdson,F,scrowdsonis@imdb.com,+86-561-957-3320,3 Shelley Lane,Utah
678,Wolfy Swains,F,wswainsit@deliciousdays.com,+7-646-649-5633,189 Randy Parkway,Utah
679,Tonye Anan,F,tananiu@youtube.com,+1-477-896-8650,1225 Reinke Circle,Colorado
680,Ealasaid Castellanos,F,ecastellanosiv@blinklist.com,+66-660-880-8878,7694 Anniversary Park,New Mexico
681,Douglas McCurtin,F,dmccurtiniw@icio.us,+967-768-543-3138,2 Mesta Street,Oklahoma
682,Christen Jarry,F,cjarryix@naver.com,+86-723-473-9886,6068 Prairieview Terrace,New Mexico
683,Osbert Nequest,F,onequestiy@msn.com,+375-800-622-0697,98775 Melrose Road,Colorado
684,Woody Iacapucci,F,wiacapucciiz@weather.com,+351-399-804-8559,0237 1st Street,Oklahoma
685,Ertha Vawton,M,evawtonj0@over-blog.com,+62-519-672-5157,2385 Goodland Hill,New Mexico
686,Curt Philcott,F,cphilcottj1@1und1.de,+82-700-677-7678,92 Blaine Drive,Oklahoma
687,Jory Danzey,F,jdanzeyj2@msn.com,+358-812-163-0638,838 Vernon Point,Nevada
688,Nonnah Bakeup,F,nbakeupj3@cam.ac.uk,+81-715-787-6786,11786 Carioca Hill,California
689,Reed Olyunin,F,rolyuninj4@geocities.jp,+46-563-441-5665,617 Westport Parkway,Texas
690,Odele Scoffham,F,oscoffhamj5@soundcloud.com,+86-111-266-0627,47 Holy Cross Center,Arizona
691,Cliff Burrett,M,cburrettj6@trellian.com,+62-481-273-3400,5 Green Ridge Crossing,Oklahoma
692,Linc Rolfi,F,lrolfij7@slashdot.org,+62-920-508-0789,351 Amoth Road,Nevada
693,Cordy Blodgetts,M,cblodgettsj8@tinypic.com,+62-624-279-3538,4065 Clyde Gallagher Center,Nevada
694,Bay Gable,M,bgablej9@google.it,+420-777-841-4421,61565 East Terrace,Texas
695,Marlon Paffett,M,mpaffettja@yale.edu,+63-354-445-8769,01386 Grim Hill,Oklahoma
696,Sergio O'Cooney,F,socooneyjb@php.net,+48-162-315-7623,41 Bowman Plaza,New Mexico
697,Bethina Berthod,M,bberthodjc@amazon.com,+82-702-213-8045,381 Huxley Alley,Nevada
698,Pryce Yeomans,F,pyeomansjd@hp.com,+351-700-574-6460,744 Sundown Pass,Utah
699,Christoforo Scrinage,M,cscrinageje@ow.ly,+374-459-830-2246,34570 Brown Crossing,Utah
700,Georgeta Trice,F,gtricejf@msu.edu,+380-467-680-8057,3 Daystar Pass,New Mexico
701,Flori Franceschi,M,ffranceschijg@comsenz.com,+63-450-789-1859,128 Pine View Trail,Oklahoma
702,Walliw Lusty,F,wlustyjh@stanford.edu,+62-529-108-3603,639 Waubesa Parkway,California
703,Rhea Keasy,M,rkeasyji@livejournal.com,+63-203-728-1120,597 Veith Drive,Utah
704,Bernarr Mac Giolla Pheadair,F,bmacjj@mozilla.org,+234-422-194-3296,50362 Mccormick Lane,Colorado
705,Constantine Stanluck,F,cstanluckjk@jalbum.net,+1-504-288-8183,59 Dorton Parkway,New Mexico
706,Jerrome Longega,F,jlongegajl@arizona.edu,+62-175-632-5006,2254 David Point,Arizona
707,Charley Twigg,M,ctwiggjm@guardian.co.uk,+62-293-557-4865,98 Doe Crossing Alley,California
708,Nadia Keeton,M,nkeetonjn@ebay.co.uk,+81-583-732-7692,8 Holmberg Junction,California
709,Staford Lumly,M,slumlyjo@jiathis.com,+66-479-819-1535,628 Fisk Park,Nevada
710,Inesita Cicchetto,M,icicchettojp@t-online.de,+380-593-865-7002,2169 Harper Point,New Mexico
711,Hilliary Leadston,M,hleadstonjq@thetimes.co.uk,+86-676-367-9303,7 Oneill Point,Oklahoma
712,Catherin Hodgins,F,chodginsjr@stumbleupon.com,+86-438-803-4579,79 Continental Point,Utah
713,Tracey Jozwik,M,tjozwikjs@guardian.co.uk,+86-562-841-9445,50 Bunker Hill Pass,Oklahoma
714,Jory Prentice,F,jprenticejt@prlog.org,+63-262-630-7958,6912 Independence Drive,Oklahoma
715,Abe Wardall,F,awardallju@bluehost.com,+54-411-386-8609,78661 7th Point,Arizona
716,Lexis Gaunson,M,lgaunsonjv@networkadvertising.org,+86-743-409-5329,27 Everett Avenue,Oklahoma
717,Barbette Burfoot,F,bburfootjw@umn.edu,+7-462-567-6870,4218 Johnson Plaza,Arizona
718,Grove Pavelka,F,gpavelkajx@webnode.com,+86-362-610-7897,3881 Derek Lane,Utah
719,Art Fairburne,M,afairburnejy@washingtonpost.com,+86-348-180-0616,7835 Columbus Circle,Arizona
720,Ambrose McCloughlin,M,amccloughlinjz@mayoclinic.com,+380-921-991-4928,27735 Melby Plaza,Nevada
721,Wildon Lumsdall,F,wlumsdallk0@goo.ne.jp,+1-205-900-5752,72761 Mockingbird Pass,Colorado
722,Berti Hartas,F,bhartask1@wix.com,+216-628-116-4860,8665 Tony Park,Colorado
723,Winonah Rosenthal,M,wrosenthalk2@godaddy.com,+62-284-205-8517,7 Golf View Terrace,Texas
724,Gav Engelmann,M,gengelmannk3@flickr.com,+370-526-742-9870,80 Forest Place,California
725,Hieronymus Eynon,F,heynonk4@statcounter.com,+62-336-132-5939,7 Hoard Road,Oklahoma
726,Howard Annable,F,hannablek5@opera.com,+233-731-781-1497,454 Old Shore Avenue,Nevada
727,Philippe Jagoe,M,pjagoek6@ibm.com,+261-672-164-6277,59 Holy Cross Way,Colorado
728,Herby Rigden,M,hrigdenk7@icq.com,+86-718-571-8754,23 Farmco Junction,Utah
729,Cammy Preshaw,M,cpreshawk8@ucla.edu,+86-827-544-6879,335 Tennyson Place,Oklahoma
730,Vernor Sallows,M,vsallowsk9@ucla.edu,+86-855-521-1761,2 Golf Junction,Oklahoma
731,Klara Antonias,M,kantoniaska@people.com.cn,+47-470-382-9401,34215 Buell Drive,Nevada
732,Gleda Sterte,F,gstertekb@chicagotribune.com,+1-476-909-6359,81 Pleasure Pass,California
733,Edee Medhurst,F,emedhurstkc@marriott.com,+63-293-998-0414,41748 Kings Avenue,Arizona
734,Aluino Priest,F,apriestkd@yellowpages.com,+55-918-316-5946,97 Chive Circle,Oklahoma
735,Tiebold Dionsetto,F,tdionsettoke@ucsd.edu,+359-557-711-6322,9 Towne Circle,California
736,Dasie Rodolf,M,drodolfkf@tinypic.com,+86-260-192-1036,542 Fallview Terrace,Oklahoma
737,Dag Ealles,M,dealleskg@joomla.org,+62-101-622-2319,5 Little Fleur Street,New Mexico
738,Zacharias McEneny,F,zmcenenykh@narod.ru,+62-200-304-8272,4587 Mallory Parkway,Oklahoma
739,Viola Alexandrescu,F,valexandrescuki@fda.gov,+351-374-470-2836,28 Dorton Circle,Colorado
740,Harriette Cullrford,M,hcullrfordkj@wisc.edu,+62-100-244-6722,94294 Cottonwood Hill,Oklahoma
741,Selinda Petken,F,spetkenkk@storify.com,+351-755-428-5916,12060 Summit Road,Nevada
742,Morgan Jobke,M,mjobkekl@eventbrite.com,+593-606-561-9163,83 Hagan Lane,Colorado
743,Tally Carmen,M,tcarmenkm@addthis.com,+86-672-576-0373,04243 Buena Vista Park,Arizona
744,Collin Mellon,M,cmellonkn@yelp.com,+256-707-512-3710,7 Duke Drive,Nevada
745,Conroy Barrable,M,cbarrableko@google.com,+1-281-195-7381,58232 Thompson Crossing,Utah
746,Hulda Blanking,M,hblankingkp@epa.gov,+963-667-135-7598,43330 Atwood Court,Texas
747,Linn Petrolli,M,lpetrollikq@g.co,+598-312-706-6494,926 Texas Crossing,Colorado
748,Hymie Gorbell,F,hgorbellkr@tmall.com,+55-632-990-7155,7689 Bay Terrace,Texas
749,Sylvan Mulhill,F,smulhillks@live.com,+265-946-410-9670,66 Anzinger Street,Oklahoma
750,Leif Morhall,F,lmorhallkt@canalblog.com,+7-851-110-7204,84598 Stuart Circle,Utah
751,Meriel Cisneros,M,mcisnerosku@pinterest.com,+51-996-451-4357,57603 Haas Road,Oklahoma
752,Jillayne Doers,M,jdoerskv@hc360.com,+63-393-183-7961,6 Harper Point,New Mexico
753,Nathaniel Bugdale,M,nbugdalekw@wix.com,+81-336-446-0116,969 Golf Course Court,Utah
754,Adrea Trime,M,atrimekx@addthis.com,+84-477-637-7862,1 John Wall Avenue,Utah
755,Inglis Baal,F,ibaalky@i2i.jp,+46-735-273-0765,68 Clarendon Plaza,Texas
756,Conrado Purdey,M,cpurdeykz@slashdot.org,+265-412-550-9320,68 Stoughton Court,Utah
757,Romona Plail,M,rplaill0@dion.ne.jp,+254-762-937-0298,696 Corben Road,Arizona
758,Armand Guerrier,F,aguerrierl1@furl.net,+86-367-932-0527,70107 Anhalt Hill,Texas
759,Babara Mintram,M,bmintraml2@state.gov,+57-581-581-3598,5390 Fuller Trail,Nevada
760,Walton Tolhurst,M,wtolhurstl3@odnoklassniki.ru,+48-824-952-7273,20 Weeping Birch Pass,New Mexico
761,Frederic Adamiec,F,fadamiecl4@army.mil,+33-833-625-6803,7263 Leroy Pass,New Mexico
762,Linnea Baseggio,F,lbaseggiol5@mac.com,+62-609-845-2322,26053 Darwin Street,Oklahoma
763,Miranda Parkman,F,mparkmanl6@thetimes.co.uk,+81-235-897-4824,9766 Westridge Court,California
764,Emylee Warboy,M,ewarboyl7@jugem.jp,+55-644-997-3703,4237 Melby Alley,Arizona
765,Angele Seywood,M,aseywoodl8@ibm.com,+86-821-363-0882,9 Bellgrove Pass,Arizona
766,Chariot Waggatt,M,cwaggattl9@ed.gov,+62-165-614-7496,1 Service Park,Texas
767,Karyn Kondrachenko,F,kkondrachenkola@issuu.com,+7-839-279-6774,9 Chinook Road,Colorado
768,Salomo Allchorn,F,sallchornlb@huffingtonpost.com,+66-307-765-5590,70 Pepper Wood Court,Utah
769,Charity Cluer,F,ccluerlc@mtv.com,+7-846-729-2864,767 Rusk Parkway,Arizona
770,Orv Fereday,F,oferedayld@theglobeandmail.com,+976-395-586-3150,65 Mccormick Point,Oklahoma
771,Letisha Cornford,M,lcornfordle@nyu.edu,+967-344-838-4352,73380 Thackeray Pass,New Mexico
772,Heindrick Preskett,M,hpreskettlf@bloglines.com,+236-492-365-1661,22 Sunbrook Crossing,Oklahoma
773,Coretta Renad,F,crenadlg@joomla.org,+86-749-666-2608,0160 Dahle Trail,California
774,Jennifer O'Donohue,M,jodonohuelh@sbwire.com,+374-120-271-1961,14 Cardinal Way,Texas
775,Townsend Smalridge,F,tsmalridgeli@yale.edu,+57-820-674-9944,35 Rutledge Street,Oklahoma
776,Ajay Kingswood,F,akingswoodlj@taobao.com,+54-983-479-3964,570 Killdeer Plaza,Oklahoma
777,Ania Soar,F,asoarlk@google.cn,+63-883-135-1236,4864 Kedzie Street,California
778,Elroy Lofthouse,F,elofthousell@imageshack.us,+33-369-322-7009,2286 Graedel Plaza,New Mexico
779,Ralina Lemanu,M,rlemanulm@noaa.gov,+1-831-756-2802,5 Jana Plaza,California
780,Minta O' Mahony,F,moln@npr.org,+7-228-982-6238,0211 Pearson Center,Nevada
781,Joice Pol,F,jpollo@php.net,+502-462-864-6677,2558 Nova Parkway,California
782,Kennie Garrigan,F,kgarriganlp@odnoklassniki.ru,+63-244-449-2142,50796 Lyons Parkway,Texas
783,Vern Ezele,F,vezelelq@google.de,+1-195-224-1349,9089 Northfield Road,Utah
784,Meir Pittham,M,mpitthamlr@unc.edu,+52-631-512-0311,2 Glendale Drive,New Mexico
785,Lucille Thorbon,F,lthorbonls@ebay.com,+63-966-901-1405,91 Cambridge Point,Texas
786,Wallie Rowney,M,wrowneylt@accuweather.com,+86-247-452-3320,2846 Kim Parkway,Arizona
787,Ilyse Cruft,M,icruftlu@soup.io,+975-669-644-0146,491 Lawn Alley,Nevada
788,Clea Geffe,F,cgeffelv@huffingtonpost.com,+62-524-204-9057,13 Killdeer Trail,New Mexico
789,Jade De Gowe,F,jdelw@tumblr.com,+86-177-738-6455,5 Nevada Center,Oklahoma
790,Flory Maghull,M,fmaghulllx@nbcnews.com,+685-311-369-9129,872 Pearson Avenue,Texas
791,Wandis Hardes,M,whardesly@fema.gov,+86-845-922-3494,804 Westridge Alley,Colorado
792,Marybelle Pitman,M,mpitmanlz@phoca.cz,+55-883-248-6305,67233 Messerschmidt Drive,California
793,Carolann Sandon,F,csandonm0@sakura.ne.jp,+380-342-403-5370,916 Manufacturers Road,Nevada
794,Jill Killeen,M,jkilleenm1@google.es,+33-600-685-6880,073 West Court,Texas
795,Gamaliel Tilbey,F,gtilbeym2@edublogs.org,+62-912-245-7622,3395 Elmside Court,Colorado
796,Reeba Deverick,M,rdeverickm3@goodreads.com,+62-854-209-7290,82550 Porter Park,Texas
797,Filmer Stitch,F,fstitchm4@usatoday.com,+55-794-265-3500,7344 1st Trail,Colorado
798,Latrena Dougal,M,ldougalm5@cocolog-nifty.com,+1-865-213-6590,151 Burrows Drive,California
799,Hedvige Sharrock,F,hsharrockm6@census.gov,+62-884-773-3230,8 Dennis Pass,New Mexico
800,Euphemia Blasetti,F,eblasettim7@comcast.net,+1-516-442-3157,0550 Troy Lane,Arizona
801,De witt Gullefant,M,dwittm8@stanford.edu,+86-700-926-8256,32045 Huxley Hill,Oklahoma
802,Giorgi Howey,F,ghoweym9@furl.net,+46-820-106-0171,869 Lakewood Gardens Court,Utah
803,Dannie Adolf,F,dadolfma@dailymail.co.uk,+51-780-418-7755,3914 Dryden Circle,New Mexico
804,Mariel Bendig,M,mbendigmb@cbsnews.com,+7-894-772-2634,9410 Corry Circle,Nevada
805,Fayre Callow,F,fcallowmc@cnbc.com,+237-398-274-0130,5121 Morning Park,Oklahoma
806,Aube Josowitz,F,ajosowitzmd@mail.ru,+54-721-843-6243,6389 Spaight Plaza,Texas
807,Brina Yushachkov,M,byushachkovme@gnu.org,+62-110-378-8584,6450 Eggendart Terrace,New Mexico
808,Boyd Hoovart,M,bhoovartmf@ocn.ne.jp,+591-510-205-5583,6787 Scoville Street,Oklahoma
809,Roddie Beloe,F,rbeloemg@phpbb.com,+380-935-450-1797,13 Magdeline Junction,New Mexico
810,Cheston MacFall,F,cmacfallmh@wikispaces.com,+86-752-461-6822,420 Farwell Alley,Arizona
811,Bryant Maffulli,M,bmaffullimi@mail.ru,+212-883-104-4893,3 Express Circle,California
812,Allen O'Heyne,F,aoheynemj@pagesperso-orange.fr,+86-196-829-0581,6 2nd Point,Texas
813,Ara Hart,F,ahartmk@soup.io,+1-269-126-2868,449 Continental Place,New Mexico
814,Helli Mowsdale,F,hmowsdaleml@scribd.com,+7-418-439-0711,440 International Crossing,Colorado
815,Charmane Mathieu,F,cmathieumm@chron.com,+355-318-296-1315,86 Dunning Point,New Mexico
816,Anallese Juhruke,M,ajuhrukemn@tinypic.com,+387-326-423-7035,91287 Spenser Alley,Arizona
817,Nicky Fouldes,M,nfouldesmo@census.gov,+420-940-560-9037,6 Comanche Avenue,Nevada
818,Sterling Cursey,M,scurseymp@infoseek.co.jp,+46-567-769-1620,713 Nelson Center,Texas
819,Fionnula Ashbridge,M,fashbridgemq@joomla.org,+86-897-124-1738,4 Vermont Hill,Texas
820,Alonso MacDougall,F,amacdougallmr@japanpost.jp,+687-934-427-4341,07704 Aberg Junction,Arizona
821,Pace Elwin,F,pelwinms@google.fr,+55-433-985-2982,38086 Clove Plaza,Texas
822,Holden Gasnoll,M,hgasnollmt@fastcompany.com,+62-158-510-3111,4314 Derek Way,Utah
823,Brandea Dumbar,M,bdumbarmu@discovery.com,+507-622-105-2286,7 Granby Center,Colorado
824,Johanna Yitzowitz,M,jyitzowitzmv@spiegel.de,+380-744-317-0916,521 Fieldstone Terrace,Nevada
825,Porter Tunnick,F,ptunnickmw@twitpic.com,+261-618-150-9641,120 Oneill Hill,Colorado
826,Francyne Rollings,F,frollingsmx@linkedin.com,+380-987-118-6694,8 Sycamore Court,Oklahoma
827,Lynette Enders,M,lendersmy@google.ru,+86-310-384-9197,72701 Lotheville Junction,California
828,Beauregard Corbould,M,bcorbouldmz@cargocollective.com,+57-535-771-4238,2 Nova Drive,California
829,Myrlene Stead,F,msteadn0@reddit.com,+62-994-522-1455,23 Garrison Avenue,Utah
830,Wallis Downing,F,wdowningn1@twitter.com,+7-406-778-3344,05343 Sundown Crossing,Colorado
831,Trumann Rickarsey,F,trickarseyn2@mapy.cz,+387-857-984-9506,49 Hollow Ridge Park,Arizona
832,Cristian Feeley,M,cfeeleyn3@cargocollective.com,+86-931-410-8558,7047 Forest Drive,Nevada
833,Kimble Bentick,F,kbentickn4@mlb.com,+48-324-975-1773,3489 Luster Hill,California
834,Fons Bull,M,fbulln5@addthis.com,+7-297-862-3957,40027 Hudson Place,Nevada
835,Charlene Pllu,F,cpllun6@economist.com,+371-696-896-6523,1 Dahle Circle,California
836,Bat Kyte,F,bkyten7@themeforest.net,+57-778-609-6123,6 Sauthoff Circle,Colorado
837,Gwynne Ferrick,M,gferrickn8@163.com,+62-457-309-4174,32 Eastwood Drive,Colorado
838,Otes Dreini,M,odreinin9@unicef.org,+63-128-444-9588,1 South Street,Colorado
839,Waite Carnalan,M,wcarnalanna@elpais.com,+352-531-171-7665,8 Porter Place,Oklahoma
840,Isahella Lanaway,F,ilanawaynb@linkedin.com,+62-926-371-6121,00080 Hauk Trail,Texas
841,Haley Sizeland,F,hsizelandnc@dailymotion.com,+7-941-107-3428,7641 Caliangt Trail,Arizona
842,Gerick Enders,F,gendersnd@creativecommons.org,+7-294-951-0210,4270 Mendota Road,New Mexico
843,Drud Bason,M,dbasonne@sbwire.com,+51-281-891-3637,8 Lakeland Place,California
844,Mendie Lake,F,mlakenf@amazon.com,+20-479-804-4888,1 Transport Trail,New Mexico
845,Adel Epine,M,aepineng@adobe.com,+62-169-657-8425,11 Hauk Parkway,California
846,Mommy Caillou,M,mcaillounh@exblog.jp,+62-742-767-0556,3965 Everett Avenue,Utah
847,Georges Kopman,M,gkopmanni@360.cn,+7-221-659-5718,0362 Monument Place,Oklahoma
848,Yetty Atlay,F,yatlaynj@arstechnica.com,+48-870-663-0934,7 Burning Wood Alley,Nevada
849,Chauncey Caven,M,ccavennk@g.co,+63-548-809-1049,0 Pawling Street,Nevada
850,Birch MacCallam,M,bmaccallamnl@cam.ac.uk,+33-625-972-7542,3970 Eagan Center,California
851,Fritz Loveday,M,flovedaynm@phpbb.com,+255-940-562-7490,04 Springview Way,New Mexico
852,Ruperta Regan,F,rregannn@zdnet.com,+86-372-101-3494,11324 Hallows Way,Texas
853,Anthia Arton,M,aartonno@ox.ac.uk,+506-424-343-2975,503 Melvin Point,Arizona
854,Olly Velde,M,oveldenp@netlog.com,+507-968-125-0857,61288 Sutherland Crossing,California
855,Kevan Burrill,F,kburrillnq@ezinearticles.com,+51-201-900-0059,78011 Victoria Road,Arizona
856,Olwen Esposito,M,oespositonr@google.pl,+381-509-747-8045,59024 Hallows Center,Nevada
857,Wald Wermerling,M,wwermerlingns@usa.gov,+84-704-901-0059,754 Graceland Point,Nevada
858,Land Wattingham,F,lwattinghamnt@deviantart.com,+33-959-468-2255,8 Mayer Crossing,Arizona
859,Burch McEniry,F,bmcenirynu@harvard.edu,+255-599-776-4558,261 Dakota Trail,Texas
860,Danica Mc Mechan,F,dmcnv@com.com,+7-457-305-3372,7 Fallview Street,Oklahoma
861,Benny Doale,F,bdoalenw@nbcnews.com,+86-940-374-1898,3 Boyd Trail,Utah
862,Rozalin MacIlhargy,M,rmacilhargynx@tamu.edu,+967-187-618-4306,3852 Sherman Pass,Arizona
863,Lisa Gwinnett,F,lgwinnettny@gravatar.com,+1-236-102-4672,1627 Cottonwood Junction,Utah
864,Sidnee Kegg,M,skeggnz@archive.org,+680-499-360-8073,033 Kropf Crossing,California
865,Cullan Grindrod,M,cgrindrodo0@ask.com,+62-916-247-6158,3 Harbort Place,Utah
866,Stephie Burdytt,F,sburdytto1@phpbb.com,+52-596-787-8430,726 Reinke Pass,Utah
867,Wiley Sturgeon,M,wsturgeono2@reuters.com,+7-458-331-3012,40943 Mockingbird Point,Utah
868,Carlie Pietranek,F,cpietraneko3@unc.edu,+420-359-838-9365,3682 Magdeline Point,Colorado
869,Anica Paeckmeyer,F,apaeckmeyero4@webs.com,+63-786-598-7123,10548 Briar Crest Center,California
870,Bennie Brok,F,bbroko5@nps.gov,+355-370-574-9105,4054 Vidon Trail,Colorado
871,Hy Eitter,M,heittero6@51.la,+86-756-258-2961,10 Corscot Alley,New Mexico
872,Kory Manterfield,F,kmanterfieldo7@huffingtonpost.com,+965-932-346-1703,9 Kennedy Circle,Oklahoma
873,Pen Eddowes,F,peddoweso8@ocn.ne.jp,+62-718-189-6855,081 Portage Road,California
874,Findlay Holah,M,fholaho9@unesco.org,+33-932-954-6060,2 Swallow Junction,New Mexico
875,Dagny Koppeck,M,dkoppeckoa@engadget.com,+86-128-412-2105,875 Corry Terrace,Arizona
876,Genvieve Bamb,F,gbambob@goodreads.com,+351-654-838-2933,09841 Dovetail Road,California
877,Ilyssa Bracken,M,ibrackenoc@elpais.com,+55-776-693-7648,148 Cody Place,Utah
878,Rodolph Geibel,M,rgeibelod@cdbaby.com,+62-215-206-5976,0 Bobwhite Trail,Arizona
879,Gwenora MacCaughey,F,gmaccaugheyoe@hc360.com,+92-496-284-0993,20 Troy Pass,California
880,Giulia Nern,F,gnernof@nps.gov,+1-502-257-8546,3 Kropf Plaza,Arizona
881,Virgina Vedstra,M,vvedstraog@photobucket.com,+86-132-274-7442,9173 Eastwood Drive,Nevada
882,Elie Daverin,M,edaverinoh@moonfruit.com,+86-382-568-8444,9357 Roxbury Circle,New Mexico
883,Bear Bowers,M,bbowersoi@amazonaws.com,+86-280-119-6132,297 Mallory Terrace,Utah
884,Justin Osgarby,M,josgarbyoj@salon.com,+351-106-634-5493,8 Dryden Avenue,Utah
885,Dita Vasiltsov,M,dvasiltsovok@cnbc.com,+260-955-978-6184,2 Scott Center,New Mexico
886,Fedora Southern,F,fsouthernol@nih.gov,+218-665-780-3920,54505 Mcbride Street,Arizona
887,Pierette Antyukhin,F,pantyukhinom@ted.com,+7-550-800-1632,6 Becker Terrace,California
888,Kristyn Gradly,F,kgradlyon@tmall.com,+93-236-312-2865,70319 South Circle,Utah
889,Kacie Hince,M,khinceoo@vistaprint.com,+54-228-371-4470,51 Schiller Center,Texas
890,Francisco Pauly,F,fpaulyop@histats.com,+375-668-929-2435,33439 Clemons Way,New Mexico
891,Wendie Harvison,M,wharvisonoq@joomla.org,+48-498-259-2714,23 Namekagon Point,California
892,Gerome Sutterby,M,gsutterbyor@mapquest.com,+86-858-928-6227,6848 Debs Junction,Oklahoma
893,Gaylene Mangenet,F,gmangenetos@yandex.ru,+51-584-763-8378,5657 Hermina Plaza,New Mexico
894,Pieter Lethby,M,plethbyot@abc.net.au,+53-536-633-2553,211 Cambridge Place,California
895,Toddie Stubbert,F,tstubbertou@census.gov,+48-762-366-8148,5 Merrick Pass,Nevada
896,Ezekiel Kirkland,F,ekirklandov@networkadvertising.org,+255-373-841-5967,371 Anderson Court,Nevada
897,Fidole Cescon,M,fcesconow@comcast.net,+7-992-166-6001,8 Caliangt Circle,Texas
898,Boycie Russo,M,brussoox@yahoo.com,+62-391-327-7805,1263 Linden Pass,Texas
899,Iain Wyburn,M,iwyburnoy@prnewswire.com,+86-766-261-7807,6760 Kingsford Parkway,Texas
900,Nananne Tankard,F,ntankardoz@cafepress.com,+33-215-655-5225,651 Surrey Center,California
901,Karie Jailler,M,kjaillerp0@wufoo.com,+63-809-419-8893,58774 Muir Terrace,Arizona
902,Cacilie Zannutti,F,czannuttip1@51.la,+86-381-177-8162,9 Kipling Street,California
903,Deck Custance,F,dcustancep2@umich.edu,+380-653-969-6092,8221 Debs Hill,Oklahoma
904,Sibley Shave,M,sshavep3@com.com,+33-227-285-0673,74 Cambridge Road,New Mexico
905,Elihu Hinners,M,ehinnersp4@indiatimes.com,+48-582-954-8790,73072 Oriole Alley,Nevada
906,Lucie Ralphs,M,lralphsp5@businessweek.com,+48-364-408-8350,12 Parkside Road,Utah
907,Carly Richold,F,cricholdp6@godaddy.com,+86-773-428-9147,55147 Marquette Center,Utah
908,Bo Minto,F,bmintop7@toplist.cz,+64-987-665-3350,48865 Heath Junction,California
909,Roscoe Gettings,F,rgettingsp8@amazon.de,+7-714-556-1732,353 Armistice Park,Colorado
910,May Dungee,F,mdungeep9@blogspot.com,+254-277-761-2312,124 Cardinal Place,Utah
911,Armand Danser,M,adanserpa@unesco.org,+1-305-365-2952,96 Aberg Avenue,California
912,Olga Epinay,M,oepinaypb@bloglovin.com,+993-136-212-7124,0788 Doe Crossing Alley,Colorado
913,Alexandra Clues,F,acluespc@japanpost.jp,+62-361-399-9046,611 Rutledge Drive,Texas
914,Ruperto Milliken,M,rmillikenpd@indiatimes.com,+86-855-215-5409,58724 Mcbride Road,California
915,Zelda Wollers,F,zwollerspe@constantcontact.com,+62-723-162-5892,93842 Carey Parkway,New Mexico
916,Anthe Lennard,F,alennardpf@cyberchimps.com,+48-804-887-2978,88505 Sloan Hill,Texas
917,Doralynn Parmiter,M,dparmiterpg@spiegel.de,+86-113-804-8244,347 Dovetail Way,Utah
918,Marylou Neat,F,mneatph@un.org,+231-574-750-5427,2707 Mccormick Lane,Texas
919,Web Ellacombe,M,wellacombepi@stumbleupon.com,+1-410-351-7291,33134 Alpine Circle,Oklahoma
920,Seumas Itzchaky,F,sitzchakypj@umn.edu,+351-766-524-9564,61 Badeau Center,California
921,Briggs Bickers,M,bbickerspk@amazon.de,+86-754-581-5733,846 Corben Hill,Texas
922,Franky Rilton,F,friltonpl@hostgator.com,+86-964-531-6612,59783 Bobwhite Point,Colorado
923,Jefferey Barukh,M,jbarukhpm@barnesandnoble.com,+1-386-445-8677,1313 Dexter Hill,Arizona
924,Ruth Bilney,M,rbilneypn@wisc.edu,+229-787-552-5696,31 Eastwood Terrace,Nevada
925,Sigismund Nevet,M,snevetpo@ihg.com,+48-755-714-6473,80861 Kropf Circle,Colorado
926,Garik Temple,M,gtemplepp@google.com.au,+48-564-463-9305,0 Katie Lane,Texas
927,Jobyna Parkins,F,jparkinspq@columbia.edu,+86-642-347-1445,09 7th Hill,Colorado
928,Charmaine Pennells,M,cpennellspr@ed.gov,+64-808-404-5808,32646 Johnson Hill,Colorado
929,Greggory Carous,F,gcarousps@cam.ac.uk,+7-606-340-8478,79 Mallory Center,Arizona
930,Jessica Bunning,M,jbunningpt@jiathis.com,+46-601-884-7718,16603 Amoth Junction,Utah
931,Jack Burnup,F,jburnuppu@java.com,+63-703-675-3791,6 Debra Crossing,Arizona
932,Sheela Kraut,F,skrautpv@slate.com,+46-211-282-0124,01942 Buhler Court,Texas
933,Sampson Chapleo,F,schapleopw@webeden.co.uk,+351-666-589-8537,78924 Esker Drive,Texas
934,Kareem Albrooke,F,kalbrookepx@simplemachines.org,+92-525-286-0633,474 Graceland Road,Nevada
935,Pyotr Bogies,M,pbogiespy@hostgator.com,+57-520-336-2961,1521 Lighthouse Bay Lane,California
936,Cynthy Nockolds,M,cnockoldspz@examiner.com,+351-785-520-6385,562 Warbler Road,Oklahoma
937,Bogey Critchell,F,bcritchellq0@nhs.uk,+86-908-683-5404,3655 Wayridge Junction,California
938,Daile Glamart,F,dglamartq1@shop-pro.jp,+62-104-222-9191,654 Dunning Alley,Arizona
939,Davida Crowley,F,dcrowleyq2@amazon.com,+84-309-412-5333,8241 American Pass,Colorado
940,Harv Starcks,M,hstarcksq3@mapy.cz,+504-553-532-0643,5629 Ludington Circle,Colorado
941,Christiano Mochan,M,cmochanq4@jugem.jp,+55-375-784-5325,555 Jackson Court,Utah
942,Pat Winteringham,M,pwinteringhamq5@oaic.gov.au,+86-925-865-3986,56139 Express Terrace,Utah
943,Daphna Daspar,M,ddasparq6@mac.com,+227-960-719-7339,2936 Burrows Trail,Nevada
944,Hi Duny,M,hdunyq7@bloglines.com,+7-318-599-0615,3164 Kedzie Trail,New Mexico
945,Arlina Whistance,F,awhistanceq8@blogspot.com,+62-183-651-2246,39699 Coolidge Plaza,Texas
946,Devin Jerratsch,M,djerratschq9@plala.or.jp,+33-581-532-5494,82860 Washington Hill,Nevada
947,Kynthia Grazier,F,kgrazierqa@scientificamerican.com,+1-256-296-7217,458 Sheridan Avenue,Colorado
948,Austina Stanlike,F,astanlikeqb@amazonaws.com,+86-603-353-1308,43 Glacier Hill Point,Nevada
949,Kyle Swadlen,M,kswadlenqc@wsj.com,+62-255-884-2208,7168 Hanover Road,Utah
950,Lu Boanas,F,lboanasqd@dot.gov,+81-426-243-2950,87 6th Way,Texas
951,Tab Caddie,M,tcaddieqe@cafepress.com,+43-246-898-8571,87805 Fuller Terrace,Utah
952,Haven Ashingden,F,hashingdenqf@oracle.com,+46-222-137-8464,60 Towne Street,Arizona
953,Dannie Glancy,M,dglancyqg@themeforest.net,+358-771-521-1112,9 Northview Crossing,Arizona
954,Mikel Gounet,M,mgounetqh@photobucket.com,+86-402-805-1519,09020 Macpherson Place,Texas
955,Huntlee Bolt,M,hboltqi@free.fr,+63-637-267-7661,560 Clarendon Crossing,Texas
956,Grethel Ancliff,M,gancliffqj@purevolume.com,+62-779-241-2871,0569 Manufacturers Street,Utah
957,Clarabelle Dohmer,M,cdohmerqk@marketwatch.com,+86-333-635-2525,5 Warner Hill,Utah
958,Noble Darmody,F,ndarmodyql@aol.com,+351-946-889-0367,1 6th Avenue,Texas
959,Mart Rosenblad,F,mrosenbladqm@nsw.gov.au,+86-861-489-0443,87 Cordelia Court,New Mexico
960,Swen Becerra,F,sbecerraqn@over-blog.com,+380-798-789-6214,0 Katie Point,Arizona
961,Marc Slafford,F,mslaffordqo@chicagotribune.com,+27-987-213-6574,02 Forest Run Circle,Nevada
962,Xenos Kermath,M,xkermathqp@walmart.com,+994-132-128-9945,522 Killdeer Junction,Oklahoma
963,Manda McGriffin,M,mmcgriffinqq@gov.uk,+66-626-578-3138,0975 Chinook Street,Oklahoma
964,Iorgos Timbrell,M,itimbrellqr@upenn.edu,+385-152-915-2202,0938 Service Way,Oklahoma
965,Sibley Dyshart,M,sdyshartqs@bing.com,+48-113-832-2759,24 Novick Court,Utah
966,Hannis Baulk,F,hbaulkqt@joomla.org,+7-278-603-3304,59210 Stoughton Circle,Utah
967,Marcellus Daffey,M,mdaffeyqu@ow.ly,+86-972-615-7222,93227 Service Way,Arizona
968,Tremain Stichall,M,tstichallqv@tinypic.com,+46-343-601-1414,736 Weeping Birch Avenue,New Mexico
969,Geneva Kirsch,M,gkirschqw@list-manage.com,+55-285-245-6333,3421 Corry Drive,California
970,Quentin Mazzei,M,qmazzeiqx@cnbc.com,+62-992-431-5796,2233 Derek Center,California
971,Jemmy Balf,M,jbalfqy@pagesperso-orange.fr,+86-844-722-0061,7 Talmadge Pass,Utah
972,Aime Joslow,M,ajoslowqz@networkadvertising.org,+86-146-306-5173,64763 Meadow Ridge Crossing,Oklahoma
973,Orly Yeowell,M,oyeowellr0@wordpress.org,+55-236-748-0216,80204 Debra Way,Texas
974,Hart Samwyse,F,hsamwyser1@desdev.cn,+46-192-111-1084,6061 Aberg Plaza,Oklahoma
975,Joelynn Vasilik,F,jvasilikr2@angelfire.com,+86-622-564-8337,36 Arkansas Court,Utah
976,Sindee Sail,F,ssailr3@trellian.com,+1-936-831-7285,47117 Mendota Crossing,Nevada
977,Andeee Thomlinson,F,athomlinsonr4@fastcompany.com,+86-742-206-3453,517 Linden Park,Texas
978,Jarrad Stollmeier,F,jstollmeierr5@wp.com,+63-235-134-7232,08169 Magdeline Terrace,Oklahoma
979,Nicki Pattlel,F,npattlelr6@cdbaby.com,+62-876-925-2881,55117 Hazelcrest Way,Oklahoma
980,Massimo Dudley,M,mdudleyr7@umich.edu,+60-734-763-1213,1900 Elgar Way,Arizona
981,Agustin Luparti,F,alupartir8@freewebs.com,+82-450-759-3280,98 Bashford Avenue,Nevada
982,Jard Lobbe,F,jlobber9@yolasite.com,+502-675-637-9951,0 Blackbird Crossing,Texas
983,Amandi Epple,F,aepplera@amazonaws.com,+63-723-484-0130,12 Maple Wood Parkway,Nevada
984,Dena Puddin,M,dpuddinrb@apple.com,+33-468-687-6776,49518 Sunfield Place,Utah
985,Bertine Levett,F,blevettrc@biglobe.ne.jp,+86-289-334-1544,6720 Pennsylvania Way,New Mexico
986,Barth Duffan,F,bduffanrd@salon.com,+33-277-453-0495,052 Carpenter Trail,Oklahoma
987,Vic Aloway,M,valowayre@stanford.edu,+7-371-487-4888,0 Jackson Avenue,California
988,Raven Havock,F,rhavockrf@google.cn,+86-392-131-6879,68 Blue Bill Park Way,California
989,Virgilio Dulinty,M,vdulintyrg@elegantthemes.com,+48-976-489-7761,074 Nova Alley,Arizona
990,Godart Burbridge,F,gburbridgerh@mashable.com,+62-859-992-1161,01 Saint Paul Alley,Arizona
991,Raffaello Goom,F,rgoomri@cbc.ca,+39-641-316-0940,09 Sullivan Alley,New Mexico
992,Raphaela Iorillo,F,riorillorj@purevolume.com,+54-539-693-8645,7239 Blue Bill Park Court,New Mexico
993,Sayers Oldroyd,F,soldroydrk@sourceforge.net,+86-840-233-1183,308 Larry Lane,Colorado
994,Dorisa McRill,M,dmcrillrl@rambler.ru,+60-809-788-2979,438 Wayridge Hill,New Mexico
995,Rochester Lempke,M,rlempkerm@disqus.com,+86-303-799-1676,0681 Homewood Circle,California
996,Garvy Petegre,F,gpetegrern@canalblog.com,+86-282-768-6316,5 Bashford Court,California
997,Steward Silcox,M,ssilcoxro@marriott.com,+66-966-983-2617,140 Westridge Circle,Arizona
998,Linnie Schowenburg,F,lschowenburgrp@hibu.com,+258-620-563-7284,2 Steensland Hill,New Mexico
999,Freeman Frain,M,ffrainrq@qq.com,+86-189-774-4783,1418 Packers Way,Utah
1000,Cello Blackaller,M,cblackallerrr@whitehouse.gov,+1-169-894-0634,71 Stephen Junction,California
